Pe,T,kappa,H_free,lp_free,lp_free_error,lp_free_R2,lp_free_individual,lp_free_individual_std,tau_decorr_free,tau_decorr_free_error,D_long,D_long_error,D_long_R2,D_long_n_points,H_conf,lp_conf,lp_conf_error,lp_conf_R2,lp_conf_individual,ttrap,ttrap_std,tau_decorr_cavity,transloc_rate_per_hour,transloc_success_rate,transloc_n_success,transloc_n_attempts,transloc_total_events,N_rot,tau_eff,tau_star,tau_geom,tau_0,tau_rot,D_r,mobility
0.1,0.02,0.15,,,,,,,,,,,,,1.68842,0.093607,0.0125,0.962871,,1.316667,0.0,8.036,,,,,,4.522,2.32,2.32,2.32,0.67,0.51,1.9519,0.4310344827586207
0.1,0.02,0.25,,,,,,,,,,,,,1.262399,0.149844,0.0125,0.872909,,2.12037,0.972639,10.225,9.458367,20.967742,13.0,49.0,62.0,0.295,0.23,0.23,0.23,0.23,0.79,1.2638,4.3478260869565215
0.1,0.02,0.35,,,,,,,,,,,,,1.266636,0.077674,0.0125,0.891271,,4.246341,4.316785,5.259,39.759036,73.333333,55.0,20.0,75.0,17.366,3.47,3.47,3.47,0.32,0.2,5.0095,0.2881844380403458
0.1,0.02,0.4,,,,,,,,,,,,,1.323168,0.07054,0.0125,0.866471,,,,5.155,,,,,,1.741,3.52,3.52,3.52,0.33,2.02,0.49511,0.2840909090909091
0.1,0.02,0.5,,,,,,,,,,,,,1.407242,0.074738,0.0125,0.853422,,5.880047,9.604902,7.492,46.227929,95.522388,64.0,3.0,67.0,27.199,4.25,4.25,4.25,0.33,0.16,6.3997,0.2352941176470588
0.1,0.02,0.65,,,,,,,,,,,,,1.112151,0.07416,0.0125,0.860724,,9.857292,14.642789,7.681,,,,,,48.243,3.73,3.73,3.73,0.35,0.08,12.922,0.2680965147453083
0.1,0.04,0.15,,,,,,,,,,,,,4.401103,0.093607,0.0125,0.962871,,1.316667,0.0,11.113,,,,,,1.688,0.55,0.87,0.87,0.87,0.33,3.0683,1.818181818181818
0.1,0.04,0.25,,,,,,,,,,,,,3.009237,0.149844,0.0125,0.872909,,0.908333,0.270288,10.225,9.458367,20.967742,13.0,49.0,62.0,1.787,0.7,0.7,0.7,0.72,0.39,2.5532,1.4285714285714286
0.1,0.04,0.35,,,,,,,,,,,,,2.50913,0.077674,0.0125,0.891271,,4.246341,4.316785,5.259,39.759036,73.333333,55.0,20.0,75.0,4.512,0.85,0.85,0.85,0.85,0.19,5.3078,1.1764705882352942
0.1,0.04,0.4,,,,,,,,,,,,,1.968357,0.121944,0.0125,0.964369,,2.075,0.785104,5.155,,,,,,0.809,0.43,0.43,0.43,0.45,0.54,1.8663,2.3255813953488373
0.1,0.04,0.5,,,,,,,,,,,,,1.721892,0.074738,0.0125,0.853422,,4.583122,4.261477,7.492,46.227929,95.522388,64.0,3.0,67.0,1.162,1.03,1.03,1.03,0.5,0.89,1.1241,0.970873786407767
0.1,0.04,0.65,,,,,,,,,,,,,1.019299,0.07416,0.0125,0.860724,,4.742667,5.352523,7.681,48.233861,92.957746,66.0,5.0,71.0,0.108,0.17,0.17,0.17,0.17,1.55,0.647,5.88235294117647
0.1,0.06,0.15,,,,,,,,,,,,,4.557785,0.093607,0.0125,0.962871,,1.545833,0.326138,11.113,,,,,,4.959,0.58,1.2,1.2,1.2,0.12,8.5017,1.7241379310344829
0.1,0.06,0.2,5.69567,0.091828,0.0125,0.989064,0.109833,0.072438,43.576067,0.5,0.135071,0.000181,0.999644,201.0,5.344431,0.149844,0.0125,0.872909,,1.455555,0.598455,17.193,9.458367,20.967742,13.0,49.0,62.0,1.704,0.35,0.62,7.82,0.68,0.21,4.868,2.857142857142857
0.1,0.06,0.25,5.69567,0.091828,0.0125,0.989064,0.109833,0.072438,43.576067,0.5,0.135071,0.000181,0.999644,201.0,4.524313,0.149844,0.0125,0.872909,,1.455555,0.598455,17.193,9.458367,20.967742,13.0,49.0,62.0,1.877,0.37,0.7,0.7,0.7,0.2,5.1201,2.702702702702702
0.1,0.06,0.35,,,,,,,,,,,,,5.324188,0.077674,0.0125,0.891271,,4.942424,4.159178,5.259,39.759036,73.333333,55.0,20.0,75.0,1.435,0.28,0.4,0.47,0.6,0.2,5.0661,3.571428571428571
0.1,0.06,0.4,5.990474,0.134265,0.0125,0.98643,0.195883,0.153391,51.709953,0.5,0.301506,3e-05,0.999998,201.0,2.223004,0.121944,0.0125,0.964369,,1.516667,0.0,5.155,43.438914,92.307692,24.0,2.0,26.0,4.123,1.23,1.23,1.23,0.52,0.3,3.3431,0.8130081300813008
0.1,0.06,0.5,,,,,,,,,,,,,4.35058,0.074738,0.0125,0.853422,,4.583122,4.261477,16.692,46.227929,95.522388,64.0,3.0,67.0,6.55,0.27,0.37,0.4,0.67,0.04,24.561,3.7037037037037033
0.1,0.06,0.65,,,,,,,,,,,,,2.898004,0.07416,0.0125,0.860724,,4.897588,5.043534,15.716,48.233861,92.957746,66.0,5.0,71.0,4.741,0.28,0.38,0.43,0.67,0.06,16.732,3.571428571428571
0.1,0.08,0.15,,,,,,,,,,,,,4.590999,0.093607,0.0125,0.962871,,1.545833,0.326138,11.113,,,,,,1.934,0.58,3.53,3.53,1.08,0.3,3.3163,1.7241379310344829
0.1,0.08,0.2,5.69567,0.091828,0.0125,0.989064,0.109833,0.072438,43.576067,0.5,0.135071,0.000181,0.999644,201.0,5.148685,0.149844,0.0125,0.872909,,1.455555,0.598455,17.193,9.458367,20.967742,13.0,49.0,62.0,1.545,0.4,5.02,15.7,0.75,0.26,3.8631,2.5
0.1,0.08,0.25,5.69567,0.091828,0.0125,0.989064,0.109833,0.072438,43.576067,0.5,0.135071,0.000181,0.999644,201.0,4.094663,0.149844,0.0125,0.872909,,1.455555,0.598455,17.193,9.458367,20.967742,13.0,49.0,62.0,2.05,0.72,0.72,0.72,0.72,0.35,2.8608,1.3888888888888888
0.1,0.08,0.35,,,,,,,,,,,,,5.530472,0.077674,0.0125,0.891271,,4.942424,4.159178,5.259,39.759036,73.333333,55.0,20.0,75.0,1.804,0.3,0.45,0.6,0.63,0.17,6.0131,3.3333333333333335
0.1,0.08,0.4,5.990474,0.134265,0.0125,0.98643,0.195883,0.153391,51.709953,0.5,0.301506,3e-05,0.999998,201.0,3.771066,0.121944,0.0125,0.964369,,1.516667,0.0,5.155,43.438914,92.307692,24.0,2.0,26.0,2.285,0.52,0.62,0.62,0.63,0.23,4.4235,1.923076923076923
0.1,0.08,0.5,,,,,,,,,,,,,5.342933,0.241632,0.0125,0.43131,,4.583122,4.261477,16.692,46.227929,95.522388,64.0,3.0,67.0,2.774,0.28,0.4,0.47,0.62,0.1,9.7924,3.571428571428571
0.1,0.08,0.65,,,,,,,,,,,,,4.802033,0.07416,0.0125,0.860724,,4.897588,5.043534,15.716,48.233861,92.957746,66.0,5.0,71.0,2.453,0.27,0.35,0.4,0.65,0.11,9.1977,3.7037037037037033
0.1,0.1,0.15,,,,,,,,,,,,,4.401209,0.069229,0.0125,0.981302,,1.545833,0.326138,11.113,,,,,,4.075,0.52,0.58,0.58,0.58,0.13,7.8878,1.923076923076923
0.1,0.1,0.2,5.69567,0.091828,0.0125,0.989064,0.109833,0.072438,43.576067,0.5,0.135071,0.000181,0.999644,201.0,5.050628,0.149844,0.0125,0.872909,,1.455555,0.598455,17.193,9.458367,20.967742,13.0,49.0,62.0,1.045,0.45,5.9,6.12,0.83,0.43,2.3224,2.2222222222222223
0.1,0.1,0.2,5.69567,0.091828,0.0125,0.989064,0.109833,0.072438,43.576067,0.5,0.135071,0.000181,0.999644,201.0,5.050628,0.149844,0.0125,0.872909,,1.455555,0.598455,17.193,9.458367,20.967742,13.0,49.0,62.0,1.368,0.45,12.95,14.02,0.85,0.33,3.0392,2.2222222222222223
0.1,0.1,0.2,5.69567,0.091828,0.0125,0.989064,0.109833,0.072438,43.576067,0.5,0.135071,0.000181,0.999644,201.0,5.050628,0.149844,0.0125,0.872909,,1.455555,0.598455,17.193,9.458367,20.967742,13.0,49.0,62.0,1.045,0.45,5.9,6.12,0.83,0.43,2.3224,2.2222222222222223
0.1,0.1,0.2,5.69567,0.091828,0.0125,0.989064,0.109833,0.072438,43.576067,0.5,0.135071,0.000181,0.999644,201.0,5.050628,0.149844,0.0125,0.872909,,1.455555,0.598455,17.193,9.458367,20.967742,13.0,49.0,62.0,1.368,0.45,12.95,14.02,0.85,0.33,3.0392,2.2222222222222223
0.1,0.1,0.25,5.69567,0.091828,0.0125,0.989064,0.109833,0.072438,43.576067,0.5,0.135071,0.000181,0.999644,201.0,3.969318,0.149844,0.0125,0.872909,,1.455555,0.598455,17.193,9.458367,20.967742,13.0,49.0,62.0,8.485,1.13,1.13,1.13,0.65,0.13,7.487,0.8849557522123894
0.1,0.1,0.35,,,,,,,,,,,,,5.358844,0.938332,0.0125,0.531133,,4.942424,4.159178,16.135,39.759036,73.333333,55.0,20.0,75.0,1.741,0.33,0.77,11.9,0.67,0.19,5.2228,3.0303030303030303
0.1,0.1,0.4,5.990474,0.134265,0.0125,0.98643,0.195883,0.153391,51.709953,0.5,0.301506,3e-05,0.999998,201.0,5.242352,0.092514,0.0125,0.972283,,1.516667,0.0,5.155,43.438914,92.307692,24.0,2.0,26.0,2.021,0.33,0.53,0.63,0.65,0.16,6.0624,3.0303030303030303
0.1,0.1,0.4,5.990474,0.134265,0.0125,0.98643,0.195883,0.153391,51.709953,0.5,0.301506,3e-05,0.999998,201.0,5.242352,0.092514,0.0125,0.972283,,1.516667,0.0,5.155,43.438914,92.307692,24.0,2.0,26.0,20.46,2.52,2.52,2.52,0.9,0.12,8.1298,0.3968253968253968
0.1,0.1,0.4,5.990474,0.134265,0.0125,0.98643,0.195883,0.153391,51.709953,0.5,0.301506,3e-05,0.999998,201.0,5.242352,0.092514,0.0125,0.972283,,1.516667,0.0,5.155,43.438914,92.307692,24.0,2.0,26.0,2.021,0.33,0.53,0.63,0.65,0.16,6.0624,3.0303030303030303
0.1,0.1,0.4,5.990474,0.134265,0.0125,0.98643,0.195883,0.153391,51.709953,0.5,0.301506,3e-05,0.999998,201.0,5.242352,0.092514,0.0125,0.972283,,1.516667,0.0,5.155,43.438914,92.307692,24.0,2.0,26.0,20.46,2.52,2.52,2.52,0.9,0.12,8.1298,0.3968253968253968
0.1,0.1,0.5,,,,,,,,,,,,,5.413553,0.199034,0.0125,0.640001,,4.583122,4.261477,16.692,46.227929,95.522388,64.0,3.0,67.0,1.958,0.3,0.43,0.5,0.63,0.15,6.5257,3.3333333333333335
0.1,0.1,0.6,5.857577,0.168766,0.0125,0.987847,0.260227,0.194647,54.039528,0.5,0.374171,0.000417,0.999753,201.0,5.199329,,,,,3.687255,4.020934,16.672,,,,,,5.57,0.28,0.42,0.47,0.67,0.05,19.66,3.571428571428571
0.1,0.1,0.65,,,,,,,,,,,,,5.200986,0.26321,0.0125,0.417358,,4.897588,5.043534,17.834,48.233861,92.957746,66.0,5.0,71.0,2.201,0.27,0.38,0.43,0.62,0.12,8.2546,3.7037037037037033
0.1,0.15,0.15,,,,,,,,,,,,,4.062031,0.069229,0.0125,0.981302,,1.545833,0.326138,13.663,,,,,,14.956,2.1,2.12,2.12,0.73,0.14,7.1218,0.4761904761904761
0.1,0.15,0.2,5.69567,0.091828,0.0125,0.989064,0.109833,0.072438,43.576067,0.5,0.135071,0.000181,0.999644,201.0,4.804365,0.097353,0.0125,0.987296,,1.455555,0.598455,17.193,6.378738,17.021277,8.0,39.0,47.0,1.529,0.5,6.65,12.35,0.82,0.33,3.0584,2.0
0.1,0.15,0.25,5.69567,0.091828,0.0125,0.989064,0.109833,0.072438,43.576067,0.5,0.135071,0.000181,0.999644,201.0,4.611397,0.097353,0.0125,0.987296,,1.455555,0.598455,17.193,6.378738,17.021277,8.0,39.0,47.0,2.222,0.5,0.88,0.88,0.38,0.23,4.4432,2.0
0.1,0.15,0.35,,,,,,,,,,,,,5.044738,0.234709,0.0125,0.72639,,4.942424,4.159178,18.146,24.727273,55.737705,34.0,27.0,61.0,2.171,0.42,11.28,11.42,0.82,0.19,5.2095,2.380952380952381
0.1,0.15,0.4,5.990474,0.134265,0.0125,0.98643,0.195883,0.153391,51.709953,0.5,0.301506,3e-05,0.999998,201.0,4.501854,0.092514,0.0125,0.972283,,1.516667,0.0,17.95,43.438914,92.307692,24.0,2.0,26.0,15.897,2.72,2.92,2.92,0.75,0.17,5.8515,0.3676470588235294
0.1,0.15,0.5,,,,,,,,,,,,,5.281236,0.199034,0.0125,0.640001,,5.158676,5.013998,16.692,43.338684,81.081081,60.0,14.0,74.0,3.354,0.35,0.67,10.02,0.7,0.1,9.5832,2.857142857142857
0.1,0.15,0.65,,,,,,,,,,,,,5.425754,0.26321,0.0125,0.417358,,4.897588,5.043534,17.834,49.814126,94.366197,67.0,4.0,71.0,1.938,0.28,0.43,0.52,0.62,0.15,6.8404,3.571428571428571
0.1,0.2,0.15,,,,,,,,,,,,,4.572209,0.071852,0.0125,0.98363,,2.041666,1.402428,12.114,,,,,,2.308,0.47,1.35,1.35,1.02,0.2,4.9448,2.127659574468085
0.1,0.2,0.25,,,,,,,,,,,,,4.567308,0.089493,0.0125,0.902765,,1.596667,0.984984,7.186,,,,,,1.101,0.5,1.0,1.0,0.9,0.45,2.2025,2.0
0.1,0.2,0.35,,,,,,,,,,,,,4.492246,0.113254,0.0125,0.980883,,1.5625,0.783599,14.846,,,,,,2.611,0.5,0.62,0.62,0.6,0.19,5.2229,2.0
0.1,0.2,0.4,,,,,,,,,,,,,4.613229,0.076713,0.0125,0.987189,,3.583333,0.0,17.412,,,,,,2.545,0.38,0.7,2.57,0.8,0.15,6.6395,2.6315789473684212
0.1,0.2,0.5,,,,,,,,,,,,,4.550465,0.101035,0.0125,0.988675,,2.541666,0.129636,13.264,,,,,,3.21,0.35,0.67,0.67,0.68,0.11,9.1713,2.857142857142857
0.1,0.2,0.65,,,,,,,,,,,,,4.627152,0.111075,0.0125,0.976819,,1.44375,0.632138,12.192,,,,,,1.179,0.52,2.58,2.58,1.02,0.44,2.2828,1.923076923076923
0.1,0.3,0.15,,,,,,,,,,,,,4.507527,0.061808,0.0125,0.963225,,1.238889,1.069051,12.257,,,,,,2.718,0.43,0.73,0.82,0.78,0.16,6.2724,2.3255813953488373
0.1,0.3,0.25,,,,,,,,,,,,,4.479597,0.069092,0.0125,0.972537,,0.95,0.0,9.88,,,,,,1.492,0.37,1.1,1.23,0.43,0.25,4.0686,2.702702702702702
0.1,0.3,0.35,,,,,,,,,,,,,3.840193,0.077268,0.0125,0.983009,,2.255556,0.591216,9.56,,,,,,1.862,0.38,0.38,0.38,0.38,0.21,4.8564,2.6315789473684212
0.1,0.3,0.4,,,,,,,,,,,,,4.414831,0.07373,0.0125,0.986931,,1.37,0.948053,17.303,,,,,,1.468,0.37,1.33,1.33,0.45,0.25,4.004,2.702702702702702
0.1,0.3,0.5,,,,,,,,,,,,,4.710851,0.091589,0.0125,0.990676,,2.0,0.353029,11.976,,,,,,1.264,0.48,1.78,1.8,0.6,0.38,2.6148,2.0833333333333335
0.1,0.3,0.65,,,,,,,,,,,,,2.579844,0.102453,0.0125,0.986189,,2.803333,1.567172,11.574,,,,,,,,,,,,,
0.15,0.02,0.15,,,,,,,,,,,,,1.958994,0.093607,0.0125,0.962871,,1.316667,0.0,8.036,,,,,,0.904,0.38,0.38,0.38,0.38,0.42,2.3586,2.6315789473684212
0.15,0.02,0.25,,,,,,,,,,,,,0.343052,0.149844,0.0125,0.872909,,2.12037,0.972639,10.225,9.458367,20.967742,13.0,49.0,62.0,,,,,,,,
0.15,0.02,0.35,,,,,,,,,,,,,1.041696,0.077674,0.0125,0.891271,,4.246341,4.316785,5.259,39.759036,73.333333,55.0,20.0,75.0,72.054,3.55,3.55,3.55,0.3,0.05,20.297,0.2816901408450704
0.15,0.02,0.4,,,,,,,,,,,,,0.727446,0.07054,0.0125,0.866471,,,,5.155,,,,,,1.706,2.12,2.12,2.12,0.22,1.24,0.8058,0.4716981132075471
0.15,0.02,0.5,,,,,,,,,,,,,0.968666,0.074738,0.0125,0.853422,,5.880047,9.604902,7.492,46.227929,95.522388,64.0,3.0,67.0,1.422,1.88,1.88,1.88,0.22,1.32,0.75522,0.5319148936170213
0.15,0.02,0.65,,,,,,,,,,,,,1.239367,0.07416,0.0125,0.860724,,9.857292,14.642789,7.681,,,,,,0.351,0.18,0.18,0.18,0.18,0.52,1.9143,5.555555555555555
0.15,0.04,0.15,,,,,,,,,,,,,4.269765,0.093607,0.0125,0.962871,,1.316667,0.0,11.113,,,,,,1.497,0.3,2.03,2.07,0.48,0.2,4.9889,3.3333333333333335
0.15,0.04,0.25,,,,,,,,,,,,,1.816466,0.149844,0.0125,0.872909,,0.908333,0.270288,10.225,9.458367,20.967742,13.0,49.0,62.0,0.194,1.65,1.65,1.65,0.3,8.5,0.11766,0.6060606060606061
0.15,0.04,0.35,,,,,,,,,,,,,1.961998,0.077674,0.0125,0.891271,,4.246341,4.316785,5.259,39.759036,73.333333,55.0,20.0,75.0,3.617,2.02,2.02,2.02,0.5,0.56,1.7937,0.495049504950495
0.15,0.04,0.4,,,,,,,,,,,,,1.177281,0.121944,0.0125,0.964369,,2.075,0.785104,5.155,,,,,,7.54,2.37,2.37,2.37,0.23,0.31,3.1861,0.4219409282700421
0.15,0.04,0.5,,,,,,,,,,,,,1.558622,0.074738,0.0125,0.853422,,4.583122,4.261477,7.492,46.227929,95.522388,64.0,3.0,67.0,0.022,0.65,0.65,0.65,0.23,30.22,0.033086,1.5384615384615383
0.15,0.04,0.65,,,,,,,,,,,,,1.539632,0.07416,0.0125,0.860724,,4.742667,5.352523,7.681,48.233861,92.957746,66.0,5.0,71.0,57.761,4.22,4.22,4.22,0.23,0.07,13.698,0.2369668246445497
0.15,0.06,0.15,,,,,,,,,,,,,4.638054,0.093607,0.0125,0.962871,,1.545833,0.326138,11.113,,,,,,1.78,0.4,1.1,1.1,1.1,0.22,4.4503,2.5
0.15,0.06,0.25,5.69567,0.091828,0.0125,0.989064,0.109833,0.072438,43.576067,0.5,0.135071,0.000181,0.999644,201.0,4.439067,0.149844,0.0125,0.872909,,1.455555,0.598455,17.193,9.458367,20.967742,13.0,49.0,62.0,0.944,0.25,0.37,0.42,0.45,0.26,3.7749,4.0
0.15,0.06,0.4,5.990474,0.134265,0.0125,0.98643,0.195883,0.153391,51.709953,0.5,0.301506,3e-05,0.999998,201.0,1.971823,0.121944,0.0125,0.964369,,1.516667,0.0,5.155,43.438914,92.307692,24.0,2.0,26.0,0.971,0.63,0.63,0.63,0.25,0.65,1.5332,1.5873015873015872
0.15,0.08,0.15,,,,,,,,,,,,,4.630523,0.093607,0.0125,0.962871,,1.545833,0.326138,11.113,,,,,,1.52,0.35,2.12,2.22,0.73,0.23,4.3416,2.857142857142857
0.15,0.08,0.25,5.69567,0.091828,0.0125,0.989064,0.109833,0.072438,43.576067,0.5,0.135071,0.000181,0.999644,201.0,4.709433,0.149844,0.0125,0.872909,,1.455555,0.598455,17.193,9.458367,20.967742,13.0,49.0,62.0,3.606,0.7,2.92,2.92,0.53,0.19,5.152,1.4285714285714286
0.15,0.08,0.4,5.990474,0.134265,0.0125,0.98643,0.195883,0.153391,51.709953,0.5,0.301506,3e-05,0.999998,201.0,4.366145,0.121944,0.0125,0.964369,,1.516667,0.0,5.155,43.438914,92.307692,24.0,2.0,26.0,3.452,0.28,0.47,0.47,0.48,0.08,12.185,3.571428571428571
0.15,0.1,0.15,,,,,,,,,,,,,4.367945,0.069229,0.0125,0.981302,,1.545833,0.326138,11.113,,,,,,2.357,0.67,1.25,1.25,1.27,0.28,3.5351,1.4925373134328357
0.15,0.1,0.25,5.69567,0.091828,0.0125,0.989064,0.109833,0.072438,43.576067,0.5,0.135071,0.000181,0.999644,201.0,4.478053,0.149844,0.0125,0.872909,,1.455555,0.598455,17.193,9.458367,20.967742,13.0,49.0,62.0,5.713,0.68,0.73,0.73,0.75,0.12,8.3609,1.4705882352941175
0.15,0.1,0.4,5.990474,0.134265,0.0125,0.98643,0.195883,0.153391,51.709953,0.5,0.301506,3e-05,0.999998,201.0,4.972633,0.092514,0.0125,0.972283,,1.516667,0.0,5.155,43.438914,92.307692,24.0,2.0,26.0,2.313,0.2,0.32,0.37,0.48,0.09,11.564,5.0
0.15,0.15,0.15,,,,,,,,,,,,,4.685569,0.069229,0.0125,0.981302,,1.545833,0.326138,13.663,,,,,,1.845,0.33,2.22,2.32,0.52,0.18,5.5346,3.0303030303030303
0.15,0.15,0.25,5.69567,0.091828,0.0125,0.989064,0.109833,0.072438,43.576067,0.5,0.135071,0.000181,0.999644,201.0,4.555957,0.097353,0.0125,0.987296,,1.455555,0.598455,17.193,6.378738,17.021277,8.0,39.0,47.0,1.592,0.42,3.07,3.07,0.42,0.26,3.8211,2.380952380952381
0.15,0.15,0.4,5.990474,0.134265,0.0125,0.98643,0.195883,0.153391,51.709953,0.5,0.301506,3e-05,0.999998,201.0,4.645307,0.092514,0.0125,0.972283,,1.516667,0.0,17.95,43.438914,92.307692,24.0,2.0,26.0,2.958,0.28,2.82,2.82,0.45,0.1,10.439,3.571428571428571
0.15,0.2,0.15,,,,,,,,,,,,,4.29352,0.071852,0.0125,0.98363,,2.041666,1.402428,12.114,,,,,,2.316,0.58,2.08,2.08,0.65,0.25,3.9704,1.7241379310344829
0.15,0.2,0.25,,,,,,,,,,,,,3.806729,0.089493,0.0125,0.902765,,1.596667,0.984984,7.186,,,,,,1.492,0.83,0.83,0.83,0.43,0.56,1.7905,1.2048192771084338
0.15,0.2,0.35,,,,,,,,,,,,,4.918192,0.113254,0.0125,0.980883,,1.5625,0.783599,14.846,,,,,,1.486,0.28,0.58,3.65,0.63,0.19,5.2438,3.571428571428571
0.15,0.2,0.4,,,,,,,,,,,,,2.180946,0.076713,0.0125,0.987189,,3.583333,0.0,17.412,,,,,,,,,,,,,
0.15,0.2,0.5,,,,,,,,,,,,,4.897802,0.101035,0.0125,0.988675,,2.541666,0.129636,13.264,,,,,,1.42,0.23,0.35,4.03,0.43,0.16,6.0852,4.3478260869565215
0.15,0.2,0.65,,,,,,,,,,,,,4.777144,0.111075,0.0125,0.976819,,1.44375,0.632138,12.192,,,,,,3.168,0.23,2.77,2.77,0.35,0.07,13.578,4.3478260869565215
0.15,0.3,0.15,,,,,,,,,,,,,4.593147,0.061808,0.0125,0.963225,,1.238889,1.069051,12.257,,,,,,2.14,0.27,0.7,0.7,0.5,0.12,8.0268,3.7037037037037033
0.15,0.3,0.25,,,,,,,,,,,,,4.337503,0.069092,0.0125,0.972537,,0.95,0.0,9.88,,,,,,2.225,0.28,0.58,0.58,0.55,0.13,7.8525,3.571428571428571
0.15,0.3,0.35,,,,,,,,,,,,,4.612807,0.077268,0.0125,0.983009,,2.255556,0.591216,9.56,,,,,,2.148,0.28,0.95,3.55,0.62,0.13,7.5797,3.571428571428571
0.15,0.3,0.4,,,,,,,,,,,,,4.679048,0.07373,0.0125,0.986931,,1.37,0.948053,17.303,,,,,,2.679,0.3,0.98,1.15,0.72,0.11,8.9293,3.3333333333333335
0.15,0.3,0.5,,,,,,,,,,,,,4.801295,0.091589,0.0125,0.990676,,2.0,0.353029,11.976,,,,,,1.652,0.27,1.75,1.83,0.7,0.16,6.1958,3.7037037037037033
0.15,0.3,0.65,,,,,,,,,,,,,4.617862,0.102453,0.0125,0.986189,,2.803333,1.567172,11.574,,,,,,1.338,0.3,3.22,3.22,0.67,0.22,4.46,3.3333333333333335
0.17,0.1,0.77,4.711792,0.232126,0.0125,0.995828,0.323711,0.214466,38.805257,0.5,1.924257,0.00063,0.999979,201.0,4.929709,,,,,3.023568,4.059584,9.426,87.884268,97.2,243.0,7.0,250.0,,,,,,,,
0.2,0.02,0.15,4.869914,0.070928,0.0125,0.972297,0.073077,0.019922,18.140974,0.5,0.125151,0.000395,0.998023,201.0,3.847048,0.101382,0.0125,0.983887,,4.047799,5.776432,9.473,12.269447,16.666667,17.0,85.0,102.0,0.5,0.17,0.25,0.3,0.35,0.33,2.9984,5.88235294117647
0.2,0.02,0.25,5.160929,0.081365,0.0125,0.961269,0.091392,0.052917,19.922051,0.5,0.469844,0.00231,0.995211,201.0,0.69549,0.074497,0.0125,0.892944,,10.43718,20.903444,9.727,11.738333,66.666667,16.0,8.0,24.0,0.568,0.15,0.22,0.23,0.35,0.26,3.7893,6.666666666666667
0.2,0.02,0.35,,,,,,,,,,,,,0.143276,0.068138,0.0125,0.898277,,4.226515,8.565382,3.514,54.602119,69.52381,73.0,32.0,105.0,1181.42,33.33,33.33,33.33,0.17,0.03,35.443,0.03000300030003
0.2,0.02,0.4,5.514397,0.120066,0.0125,0.891587,0.190183,0.170531,23.838207,0.5,0.926511,0.000438,0.999956,201.0,0.208218,0.068373,0.0125,0.896569,,2.240525,2.436865,6.78,46.517262,98.461538,64.0,1.0,65.0,954.22,33.1,33.1,33.1,0.17,0.03,28.828,0.0302114803625377
0.2,0.02,0.5,,,,,,,,,,,,,0.439006,0.076861,0.0125,0.892215,,11.289333,19.564323,3.532,98.00363,92.465753,135.0,11.0,146.0,1680.075,33.22,33.22,33.22,0.17,0.02,50.579,0.0301023479831426
0.2,0.02,0.65,4.617584,0.139061,0.0125,0.719325,0.262908,0.239438,33.788244,0.5,1.266681,0.000364,0.999984,201.0,0.747913,0.108141,0.0125,0.072048,,39.366667,54.847916,6.879,62.90126,96.629213,86.0,3.0,89.0,2670.615,33.17,33.17,33.17,0.17,0.01,80.521,0.0301477238468495
0.2,0.04,0.15,4.869914,0.070928,0.0125,0.972297,0.073077,0.019922,18.140974,0.5,0.125151,0.000395,0.998023,201.0,4.889257,0.101382,0.0125,0.983887,,4.047799,5.776432,9.473,12.269447,16.666667,17.0,85.0,102.0,0.433,0.22,8.17,9.17,0.4,0.5,1.9994,4.545454545454546
0.2,0.04,0.25,5.160929,0.081365,0.0125,0.961269,0.091392,0.052917,19.922051,0.5,0.469844,0.00231,0.995211,201.0,4.78794,0.074497,0.0125,0.892944,,10.43718,20.903444,9.528,11.738333,66.666667,16.0,8.0,24.0,0.783,0.17,0.23,0.27,0.35,0.21,4.7007,5.88235294117647
0.2,0.04,0.35,,,,,,,,,,,,,3.293475,0.198832,0.0125,0.850685,,4.226515,8.565382,3.514,54.602119,69.52381,73.0,32.0,105.0,0.825,0.15,0.2,0.22,0.33,0.18,5.5006,6.666666666666667
0.2,0.04,0.4,5.514397,0.120066,0.0125,0.891587,0.190183,0.170531,23.838207,0.5,0.926511,0.000438,0.999956,201.0,2.272898,0.228733,0.0125,0.73248,,2.240525,2.436865,6.78,46.517262,98.461538,64.0,1.0,65.0,3.184,0.15,0.2,0.22,0.32,0.05,21.225,6.666666666666667
0.2,0.04,0.5,,,,,,,,,,,,,1.48088,0.076861,0.0125,0.892215,,11.289333,19.564323,3.532,98.00363,92.465753,135.0,11.0,146.0,9.266,0.17,0.23,0.28,0.32,0.02,55.598,5.88235294117647
0.2,0.04,0.65,4.617584,0.139061,0.0125,0.719325,0.262908,0.239438,33.788244,0.5,1.266681,0.000364,0.999984,201.0,1.082537,0.108141,0.0125,0.072048,,39.366667,54.847916,8.488,62.90126,96.629213,86.0,3.0,89.0,170.033,2.18,2.18,2.18,0.33,0.01,77.878,0.4587155963302752
0.2,0.06,0.15,4.869914,0.070928,0.0125,0.972297,0.069403,0.024288,18.140974,0.5,0.125151,0.000395,0.998023,201.0,5.063898,0.101382,0.0125,0.983887,,4.047799,5.776432,9.532,12.269447,16.666667,17.0,85.0,102.0,1.748,0.25,4.48,9.68,0.48,0.14,6.993,4.0
0.2,0.06,0.25,5.160929,0.081365,0.0125,0.961269,0.084324,0.037058,18.247269,0.5,0.469844,0.00231,0.995211,201.0,5.353003,0.126897,0.0125,0.993229,,10.43718,20.903444,9.528,11.738333,66.666667,16.0,8.0,24.0,1.765,0.18,0.28,6.28,0.38,0.1,9.6257,5.555555555555555
0.2,0.06,0.35,,,,,,,,,,,,,5.216164,0.198832,0.0125,0.850685,,4.226515,8.565382,3.514,54.602119,69.52381,73.0,32.0,105.0,1.422,0.15,0.22,0.25,0.37,0.11,9.4793,6.666666666666667
0.2,0.06,0.4,6.014807,0.10424,0.0125,0.973731,0.136,0.093539,23.838207,0.5,0.926511,0.000438,0.999956,201.0,5.168484,0.228733,0.0125,0.73248,,2.240525,2.436865,6.78,46.517262,98.461538,64.0,1.0,65.0,2.716,0.15,0.22,0.23,0.35,0.06,18.104,6.666666666666667
0.2,0.06,0.5,,,,,,,,,,,,,4.802127,0.235214,0.0125,0.591912,,2.568841,2.568639,3.532,98.00363,92.465753,135.0,11.0,146.0,3.556,0.13,0.18,0.2,0.33,0.04,26.67,7.692307692307692
0.2,0.06,0.65,4.617584,0.186529,0.0125,0.994884,0.262908,0.239438,28.368466,0.5,1.266681,0.000364,0.999984,201.0,3.083565,0.108141,0.0125,0.072048,,39.366667,54.847916,8.488,62.90126,96.629213,86.0,3.0,89.0,7.102,0.13,0.18,0.22,0.33,0.02,53.263,7.692307692307692
0.2,0.08,0.15,4.869914,0.070928,0.0125,0.972297,0.069403,0.024288,18.140974,0.5,0.125151,0.000395,0.998023,201.0,4.981026,0.101382,0.0125,0.983887,,4.815432,4.550363,9.532,4.392923,5.194805,4.0,73.0,77.0,0.923,0.27,3.5,11.4,0.6,0.29,3.4603,3.7037037037037033
0.2,0.08,0.25,5.160929,0.081365,0.0125,0.961269,0.084324,0.037058,18.247269,0.5,0.469844,0.00231,0.995211,201.0,5.354957,0.126897,0.0125,0.993229,,3.241036,3.847349,9.528,26.622843,31.304348,36.0,79.0,115.0,1.605,0.2,3.82,8.32,0.37,0.12,8.0265,5.0
0.2,0.08,0.35,,,,,,,,,,,,,5.529423,0.198832,0.0125,0.850685,,4.226515,8.565382,8.04,54.602119,69.52381,73.0,32.0,105.0,1.588,0.17,0.28,5.18,0.35,0.1,9.5273,5.88235294117647
0.2,0.08,0.4,6.014807,0.10424,0.0125,0.973731,0.136,0.093539,23.838207,0.5,0.926511,0.000438,0.999956,201.0,5.579534,0.228733,0.0125,0.73248,,2.240525,2.436865,6.78,46.517262,98.461538,64.0,1.0,65.0,1.959,0.15,0.23,0.27,0.37,0.08,13.058,6.666666666666667
0.2,0.08,0.5,,,,,,,,,,,,,5.530643,0.235214,0.0125,0.591912,,2.568841,2.568639,5.148,98.00363,92.465753,135.0,11.0,146.0,3.604,0.15,0.2,0.23,0.33,0.04,24.024,6.666666666666667
0.2,0.08,0.65,4.617584,0.186529,0.0125,0.994884,0.262908,0.239438,28.368466,0.5,1.266681,0.000364,0.999984,201.0,5.352616,0.108141,0.0125,0.072048,,39.366667,54.847916,8.488,62.90126,96.629213,86.0,3.0,89.0,2.679,0.13,0.18,0.2,0.33,0.05,20.091,7.692307692307692
0.2,0.1,0.15,4.869914,0.070928,0.0125,0.972297,0.069403,0.024288,18.140974,0.5,0.125151,0.000395,0.998023,201.0,4.923613,0.101382,0.0125,0.983887,,6.571272,7.075272,9.532,2.303263,3.448276,3.0,84.0,87.0,1.901,0.35,10.55,10.68,0.65,0.18,5.4318,2.857142857142857
0.2,0.1,0.25,5.160929,0.081365,0.0125,0.961269,0.084324,0.037058,18.247269,0.5,0.469844,0.00231,0.995211,201.0,5.163764,0.108661,0.0125,0.993141,,3.788889,3.35741,9.528,10.85209,14.851485,15.0,86.0,101.0,0.896,0.22,7.62,12.37,0.4,0.24,4.1366,4.545454545454546
0.2,0.1,0.35,,,,,,,,,,,,,5.519254,0.198832,0.0125,0.850685,,2.562198,2.557279,9.364,44.972799,48.062016,62.0,67.0,129.0,1.919,0.17,0.27,5.45,0.37,0.09,11.513,5.88235294117647
0.2,0.1,0.4,6.014807,0.10424,0.0125,0.973731,0.136,0.093539,23.838207,0.5,0.926511,0.000438,0.999956,201.0,5.528814,0.228733,0.0125,0.73248,,3.397706,3.397559,9.381,68.633353,67.375887,95.0,46.0,141.0,2.842,0.17,0.27,3.9,0.35,0.06,17.052,5.88235294117647
0.2,0.1,0.5,,,,,,,,,,,,,5.537317,0.235214,0.0125,0.591912,,2.568841,2.568639,8.87,98.00363,92.465753,135.0,11.0,146.0,1.79,0.15,0.22,0.25,0.33,0.08,11.931,6.666666666666667
0.2,0.1,0.65,4.617584,0.186529,0.0125,0.994884,0.262908,0.239438,28.368466,0.5,1.266681,0.000364,0.999984,201.0,5.586673,0.108141,0.0125,0.072048,,2.124051,2.285103,8.488,62.90126,96.629213,86.0,3.0,89.0,1.995,0.13,0.2,0.22,0.32,0.07,14.962,7.692307692307692
0.2,0.1,1.0,,,,,,,,,,,,,4.704474,,,,,2.398718,3.17587,7.853,105.457463,97.986577,146.0,3.0,149.0,4.916,0.13,0.18,0.2,0.32,0.03,36.87,7.692307692307692
0.2,0.1,3.0,,,,,,,,,,,,,2.60201,,,,,0.718254,0.361129,6.503,,,,,,118.111,0.13,0.18,0.2,0.3,0.0,885.83,7.692307692307692
0.2,0.1,5.0,,,,,,,,,,,,,3.124619,,,,,3.723874,13.858466,7.615,,,,,,199.571,0.12,0.15,0.17,0.32,0.0,1710.6,8.333333333333334
0.2,0.1,10.0,,,,,,,,,,,,,4.69125,,,,,0.859471,0.719094,8.882,,,,,,7.704,0.12,0.15,0.17,0.32,0.02,66.035,8.333333333333334
0.2,0.15,0.15,5.262277,0.066995,0.0125,0.984971,0.069403,0.024288,19.286118,0.5,0.209994,0.000475,0.998984,201.0,4.788795,0.089224,0.0125,0.986711,,5.660588,5.182651,9.532,3.127036,4.705882,4.0,81.0,85.0,1.686,0.35,7.03,10.98,0.63,0.21,4.8172,2.857142857142857
0.2,0.15,0.25,5.454769,0.076618,0.0125,0.980524,0.084324,0.037058,18.247269,0.5,0.29625,0.000674,0.998971,201.0,4.940243,0.108661,0.0125,0.993141,,5.578692,5.553604,9.352,4.334216,6.410256,5.0,73.0,78.0,1.857,0.3,3.38,12.93,0.65,0.16,6.1891,3.3333333333333335
0.2,0.15,0.35,,,,,,,,,,,,,5.118651,0.174942,0.0125,0.958898,,2.562198,2.557279,9.364,20.458697,20.588235,28.0,108.0,136.0,0.923,0.22,7.35,9.35,0.38,0.23,4.2589,4.545454545454546
0.2,0.15,0.4,6.014807,0.10424,0.0125,0.973731,0.136,0.093539,19.372487,0.5,0.501016,5e-05,0.999998,201.0,5.243992,0.140316,0.0125,0.941188,,3.397706,3.397559,9.381,30.03663,31.29771,41.0,90.0,131.0,1.13,0.2,0.37,13.83,0.37,0.18,5.6486,5.0
0.2,0.15,0.5,,,,,,,,,,,,,5.398767,0.235214,0.0125,0.591912,,2.568841,2.568639,9.517,54.57898,55.223881,74.0,60.0,134.0,1.654,0.17,0.32,4.57,0.35,0.1,9.9244,5.88235294117647
0.2,0.15,0.65,5.870108,0.186529,0.0125,0.994884,0.272711,0.197422,28.368466,0.5,0.930161,0.00011,0.999997,201.0,5.500745,0.245493,0.0125,0.632055,,1.843275,1.643313,8.905,90.39775,77.160494,125.0,37.0,162.0,2.241,0.15,0.22,0.27,0.33,0.07,14.938,6.666666666666667
0.2,0.2,0.15,5.344179,0.060517,0.0125,0.969644,0.063768,0.027316,16.595179,0.5,0.42877,0.001215,0.998406,201.0,4.782227,0.094605,0.0125,0.978986,,6.057619,6.593876,10.542,4.45269,8.571429,6.0,64.0,70.0,1.192,0.28,13.5,19.38,0.5,0.24,4.2066,3.571428571428571
0.2,0.2,0.25,5.471377,0.068141,0.0125,0.985253,0.074398,0.036162,18.448309,0.5,0.353003,0.000892,0.99873,201.0,4.87727,0.102088,0.0125,0.990894,,5.605967,5.531247,10.299,5.246721,8.860759,7.0,72.0,79.0,1.73,0.28,10.23,13.4,0.58,0.16,6.1057,3.571428571428571
0.2,0.2,0.35,,,,,,,,,,,,,4.977721,0.117841,0.0125,0.982354,,4.800183,4.457547,9.985,9.529627,14.942529,13.0,74.0,87.0,1.818,0.25,5.13,9.33,0.67,0.14,7.2724,4.0
0.2,0.2,0.4,5.640767,0.084048,0.0125,0.991246,0.100605,0.066722,18.724317,0.5,0.385017,0.000324,0.999859,201.0,5.007057,0.132761,0.0125,0.969367,,4.145185,3.826674,9.573,8.727273,13.636364,12.0,76.0,88.0,1.413,0.23,7.28,7.53,0.43,0.17,6.057,4.3478260869565215
0.2,0.2,0.5,,,,,,,,,,,,,5.173375,0.136359,0.0125,0.881121,,3.627684,3.461387,9.69,14.235501,14.876033,18.0,103.0,121.0,2.039,0.2,5.63,7.18,0.4,0.1,10.197,5.0
0.2,0.2,0.65,5.957862,0.113184,0.0125,0.985792,0.152066,0.118033,24.397954,0.5,0.470711,0.000145,0.999981,201.0,5.344283,0.176373,0.0125,0.74641,,2.918321,3.271936,9.476,34.363976,35.658915,46.0,83.0,129.0,1.638,0.17,0.33,6.02,0.38,0.1,9.8296,5.88235294117647
0.2,0.3,0.15,,,,,,,,,,,,,4.725631,0.07819,0.0125,0.955857,,5.223563,5.124229,10.507,8.202154,12.5,11.0,77.0,88.0,0.941,0.28,3.57,10.55,0.53,0.3,3.3195,3.571428571428571
0.2,0.3,0.25,,,,,,,,,,,,,4.818464,0.096816,0.0125,0.973231,,4.853148,4.611603,10.532,7.424867,8.045977,7.0,80.0,87.0,2.348,0.28,6.03,14.53,0.55,0.12,8.2869,3.571428571428571
0.2,0.3,0.35,,,,,,,,,,,,,4.836625,0.10373,0.0125,0.963505,,4.907143,4.099834,10.273,11.798121,17.045455,15.0,73.0,88.0,1.707,0.25,6.48,13.47,0.52,0.15,6.8267,4.0
0.2,0.3,0.4,,,,,,,,,,,,,4.876937,0.093966,0.0125,0.982003,,4.813916,4.979128,10.44,7.291878,9.615385,10.0,94.0,104.0,3.111,0.27,4.42,8.45,0.62,0.09,11.667,3.7037037037037033
0.2,0.3,0.5,,,,,,,,,,,,,4.895252,0.112931,0.0125,0.969495,,5.065625,5.044629,9.758,12.978819,18.390805,16.0,71.0,87.0,1.611,0.25,4.48,15.3,0.42,0.16,6.4433,4.0
0.2,0.3,0.65,,,,,,,,,,,,,5.026626,0.142772,0.0125,0.886734,,3.873167,3.421062,9.607,19.177498,25.0,25.0,75.0,100.0,1.769,0.22,2.7,7.27,0.43,0.12,8.1663,4.545454545454546
0.22,0.1,0.59,,,,,,,,,,,,,5.678486,,,,,1.777053,1.881726,8.437,91.855113,74.780059,255.0,86.0,341.0,,,,,,,,
0.3,0.02,0.15,4.869914,0.070928,0.0125,0.972297,0.073077,0.019922,18.140974,0.5,0.125151,0.000395,0.998023,201.0,4.873031,0.1086,0.0125,0.985383,,5.128105,5.418904,7.037,7.980653,8.333333,11.0,121.0,132.0,0.382,0.13,0.2,0.25,0.27,0.35,2.8678,7.692307692307692
0.3,0.02,0.25,5.160929,0.081365,0.0125,0.961269,0.091392,0.052917,19.922051,0.5,0.469844,0.00231,0.995211,201.0,4.709071,0.135763,0.0125,0.998599,,2.476205,2.283941,6.884,57.327152,42.934783,79.0,105.0,184.0,1.157,0.1,0.13,0.15,0.23,0.09,11.575,10.0
0.3,0.02,0.35,,,,,,,,,,,,,3.172848,0.229878,0.0125,0.964092,,1.545891,1.733025,5.814,108.043217,83.333333,150.0,30.0,180.0,3.417,0.08,0.12,0.13,0.23,0.02,40.999,12.5
0.3,0.02,0.4,5.514397,0.120066,0.0125,0.891587,0.190183,0.170531,23.838207,0.5,0.926511,0.000438,0.999956,201.0,2.748127,0.91176,0.0125,0.685569,,2.459394,6.021092,6.662,109.59343,94.409938,152.0,9.0,161.0,6.624,0.08,0.12,0.12,0.23,0.01,79.49,12.5
0.3,0.02,0.5,,,,,,,,,,,,,1.774027,0.108364,0.0125,0.12549,,1.192564,1.199962,6.565,162.817691,89.328063,226.0,27.0,253.0,3.056,0.08,0.12,0.12,0.23,0.03,36.675,12.5
0.3,0.02,0.65,5.39776,0.323866,0.0125,0.995482,0.380131,0.223293,22.175894,0.5,2.423592,0.00042,0.999994,201.0,1.333826,0.095531,0.0125,0.905048,,1.079397,1.053524,6.357,191.466127,98.87218,263.0,3.0,266.0,11.95,0.08,0.12,0.12,0.23,0.01,143.4,12.5
0.3,0.04,0.15,4.869914,0.070928,0.0125,0.972297,0.073077,0.019922,18.140974,0.5,0.125151,0.000395,0.998023,201.0,5.203753,0.086685,0.0125,0.984426,,5.686932,6.639941,7.037,7.980653,8.333333,11.0,121.0,132.0,1.481,0.17,3.83,6.92,0.28,0.11,8.8886,5.88235294117647
0.3,0.04,0.25,5.160929,0.081365,0.0125,0.961269,0.091392,0.052917,19.922051,0.5,0.469844,0.00231,0.995211,201.0,5.692928,0.135763,0.0125,0.998599,,2.948691,3.288716,6.828,57.327152,42.934783,79.0,105.0,184.0,0.807,0.12,0.17,0.2,0.25,0.14,6.9178,8.333333333333334
0.3,0.04,0.35,,,,,,,,,,,,,5.73578,0.229878,0.0125,0.964092,,1.545891,1.733025,5.814,108.043217,83.333333,150.0,30.0,180.0,2.646,0.1,0.13,0.15,0.23,0.04,26.46,10.0
0.3,0.04,0.4,5.514397,0.120066,0.0125,0.891587,0.190183,0.170531,23.838207,0.5,0.926511,0.000438,0.999956,201.0,5.62374,0.91176,0.0125,0.685569,,2.459394,6.021092,6.662,109.59343,94.409938,152.0,9.0,161.0,4.027,0.1,0.12,0.13,0.23,0.02,40.273,10.0
0.3,0.04,0.5,,,,,,,,,,,,,5.388459,0.367828,0.0125,0.802025,,1.192564,1.199962,6.615,162.817691,89.328063,226.0,27.0,253.0,5.221,0.08,0.12,0.13,0.23,0.02,62.654,12.5
0.3,0.04,0.65,5.39776,0.323866,0.0125,0.995482,0.380131,0.223293,22.175894,0.5,2.423592,0.00042,0.999994,201.0,5.013611,0.095531,0.0125,0.905048,,1.119381,1.036389,6.449,191.466127,98.87218,263.0,3.0,266.0,11.996,0.08,0.12,0.12,0.23,0.01,143.95,12.5
0.3,0.06,0.15,4.869914,0.070928,0.0125,0.972297,0.069403,0.024288,18.140974,0.5,0.125151,0.000395,0.998023,201.0,5.094935,0.076035,0.0125,0.987072,,5.686932,6.639941,7.037,7.980653,8.333333,11.0,121.0,132.0,0.823,0.2,4.48,9.67,0.38,0.24,4.1146,5.0
0.3,0.06,0.25,5.160929,0.089057,0.0125,0.972835,0.084324,0.037058,18.247269,0.5,0.469844,0.00231,0.995211,201.0,5.508797,0.123276,0.0125,0.99772,,2.948691,3.288716,6.828,57.327152,42.934783,79.0,105.0,184.0,1.457,0.13,0.23,5.77,0.27,0.09,10.925,7.692307692307692
0.3,0.06,0.35,5.871156,0.089057,0.0125,0.972835,0.10738,0.071526,16.066755,0.5,0.484246,0.000144,0.999982,201.0,5.717087,0.123276,0.0125,0.99772,,1.545891,1.733025,5.814,108.043217,83.333333,150.0,30.0,180.0,1.997,0.1,0.15,0.18,0.23,0.05,19.966,10.0
0.3,0.06,0.4,5.514397,0.107662,0.0125,0.977119,0.136,0.093539,16.731606,0.5,0.926511,0.000438,0.999956,201.0,5.747485,0.91176,0.0125,0.685569,,2.459394,6.021092,6.662,109.59343,94.409938,152.0,9.0,161.0,2.017,0.1,0.13,0.15,0.23,0.05,20.175,10.0
0.3,0.06,0.5,6.055859,0.129513,0.0125,0.990776,0.186513,0.147556,17.556297,0.5,0.930146,0.000168,0.999994,201.0,5.687154,0.367828,0.0125,0.802025,,1.336921,1.317201,6.615,162.817691,89.328063,226.0,27.0,253.0,4.622,0.1,0.13,0.13,0.23,0.02,46.221,10.0
0.3,0.06,0.65,5.39776,0.170799,0.0125,0.994587,0.249763,0.184083,18.668564,0.5,2.423592,0.00042,0.999994,201.0,5.546837,0.874147,0.0125,0.684338,,1.119381,1.036389,6.449,191.466127,98.87218,263.0,3.0,266.0,5.54,0.08,0.12,0.13,0.23,0.02,66.484,12.5
0.3,0.08,0.15,4.869914,0.070928,0.0125,0.972297,0.069403,0.024288,18.140974,0.5,0.125151,0.000395,0.998023,201.0,4.965281,0.076035,0.0125,0.987072,,5.686932,6.639941,7.037,3.913043,4.716981,5.0,101.0,106.0,1.371,0.22,3.57,7.52,0.88,0.16,6.328,4.545454545454546
0.3,0.08,0.25,5.160929,0.089057,0.0125,0.972835,0.084324,0.037058,18.247269,0.5,0.469844,0.00231,0.995211,201.0,5.364959,0.123276,0.0125,0.99772,,2.948691,3.288716,6.828,22.01386,18.404908,30.0,133.0,163.0,1.244,0.15,0.65,4.95,0.3,0.12,8.2963,6.666666666666667
0.3,0.08,0.35,5.871156,0.089057,0.0125,0.972835,0.10738,0.071526,16.066755,0.5,0.484246,0.000144,0.999982,201.0,5.567773,0.123276,0.0125,0.99772,,1.545891,1.733025,6.675,88.210484,50.413223,122.0,120.0,242.0,1.304,0.12,0.18,2.45,0.25,0.09,11.178,8.333333333333334
0.3,0.08,0.4,5.514397,0.107662,0.0125,0.977119,0.136,0.093539,16.731606,0.5,0.926511,0.000438,0.999956,201.0,5.67977,0.91176,0.0125,0.685569,,1.509722,1.436002,6.662,120.702888,67.755102,166.0,79.0,245.0,2.386,0.12,0.17,0.2,0.25,0.05,20.455,8.333333333333334
0.3,0.08,0.5,6.055859,0.129513,0.0125,0.990776,0.186513,0.147556,17.556297,0.5,0.930146,0.000168,0.999994,201.0,5.743873,0.367828,0.0125,0.802025,,1.336921,1.317201,6.615,162.817691,89.328063,226.0,27.0,253.0,2.591,0.1,0.13,0.15,0.23,0.04,25.906,10.0
0.3,0.08,0.65,5.39776,0.170799,0.0125,0.994587,0.249763,0.184083,18.668564,0.5,2.423592,0.00042,0.999994,201.0,5.691778,0.874147,0.0125,0.684338,,1.119381,1.036389,6.449,191.466127,98.87218,263.0,3.0,266.0,3.728,0.1,0.12,0.13,0.23,0.03,37.28,10.0
0.3,0.1,0.15,4.869914,0.070928,0.0125,0.972297,0.069403,0.024288,18.140974,0.5,0.125151,0.000395,0.998023,201.0,4.829759,0.076035,0.0125,0.987072,,5.686932,6.639941,7.037,1.650619,1.980198,2.0,99.0,101.0,1.461,0.23,6.48,10.65,0.67,0.16,6.2616,4.3478260869565215
0.3,0.1,0.25,5.160929,0.089057,0.0125,0.972835,0.084324,0.037058,18.247269,0.5,0.469844,0.00231,0.995211,201.0,5.253795,0.123276,0.0125,0.99772,,2.948691,3.288716,6.828,7.294012,5.590062,9.0,152.0,161.0,1.697,0.17,1.85,8.35,0.73,0.1,10.184,5.88235294117647
0.3,0.1,0.3,5.871156,0.089057,0.0125,0.972835,0.10738,0.071526,16.066755,0.5,0.484246,0.000144,0.999982,201.0,5.354326,0.123276,0.0125,0.99772,,3.111887,3.127366,6.828,7.294012,5.590062,9.0,152.0,161.0,1.665,0.15,2.47,8.38,0.3,0.09,11.103,6.666666666666667
0.3,0.1,0.35,5.871156,0.089057,0.0125,0.972835,0.10738,0.071526,16.066755,0.5,0.484246,0.000144,0.999982,201.0,5.437277,0.123276,0.0125,0.99772,,3.111887,3.127366,6.908,38.18291,25.358852,53.0,156.0,209.0,1.682,0.13,0.23,5.75,0.27,0.08,12.614,7.692307692307692
0.3,0.1,0.4,5.514397,0.107662,0.0125,0.977119,0.136,0.093539,16.731606,0.5,0.926511,0.000438,0.999956,201.0,5.612912,0.312731,0.0125,0.916678,,1.509722,1.436002,7.079,62.193652,41.148325,86.0,123.0,209.0,1.801,0.12,0.2,4.27,0.27,0.06,15.439,8.333333333333334
0.3,0.1,0.5,6.055859,0.129513,0.0125,0.990776,0.186513,0.147556,17.556297,0.5,0.930146,0.000168,0.999994,201.0,5.724283,0.367828,0.0125,0.802025,,1.336921,1.317201,6.615,112.477324,63.52459,155.0,89.0,244.0,2.499,0.1,0.15,0.18,0.25,0.04,24.989,10.0
0.3,0.1,0.65,5.39776,0.170799,0.0125,0.994587,0.249763,0.184083,18.668564,0.5,2.423592,0.00042,0.999994,201.0,5.715721,0.21038,0.0125,0.780826,,1.119381,1.036389,6.449,174.344607,90.298507,242.0,26.0,268.0,2.36,0.1,0.13,0.15,0.23,0.04,23.603,10.0
0.3,0.1,0.8,5.043539,0.218587,0.0125,0.995769,0.305459,0.206028,24.619507,0.5,3.279504,0.000847,0.999987,201.0,5.659397,,,,,1.162261,1.194348,6.372,,,,,,4.617,0.1,0.12,0.13,0.22,0.02,46.168,10.0
0.3,0.1,1.0,5.512341,0.288553,0.0125,0.997179,0.364012,0.221391,21.332018,0.5,2.302335,0.000782,0.999977,201.0,5.53377,,,,,1.014568,1.084415,6.174,191.035175,97.416974,264.0,7.0,271.0,7.376,0.08,0.12,0.13,0.23,0.01,88.514,12.5
0.3,0.1,1.0,5.512341,0.288553,0.0125,0.997179,0.364012,0.221391,21.332018,0.5,2.302335,0.000782,0.999977,201.0,5.53377,,,,,1.014568,1.084415,6.174,191.035175,97.416974,264.0,7.0,271.0,8.283,0.08,0.12,0.13,0.22,0.01,99.391,12.5
0.3,0.1,1.0,5.512341,0.288553,0.0125,0.997179,0.364012,0.221391,21.332018,0.5,2.302335,0.000782,0.999977,201.0,5.53377,,,,,1.014568,1.084415,6.174,191.035175,97.416974,264.0,7.0,271.0,7.376,0.08,0.12,0.13,0.23,0.01,88.514,12.5
0.3,0.1,1.0,5.512341,0.288553,0.0125,0.997179,0.364012,0.221391,21.332018,0.5,2.302335,0.000782,0.999977,201.0,5.53377,,,,,1.014568,1.084415,6.174,191.035175,97.416974,264.0,7.0,271.0,8.283,0.08,0.12,0.13,0.22,0.01,99.391,12.5
0.3,0.1,3.0,,,,,,,,,,,,,4.532185,,,,,1.255683,1.882631,5.641,,,,,,22.18,0.08,0.1,0.12,0.22,0.0,266.16,12.5
0.3,0.1,5.0,,,,,,,,,,,,,2.788574,,,,,1.053409,4.980348,5.318,,,,,,161.689,0.08,0.1,0.12,0.22,0.0,1940.3,12.5
0.3,0.1,10.0,,,,,,,,,,,,,3.644722,,,,,0.869759,4.287796,5.942,,,,,,293.944,0.08,0.1,0.12,0.22,0.0,3527.3,12.5
0.3,0.15,0.15,5.262277,0.066995,0.0125,0.984971,0.069403,0.024288,19.286118,0.5,0.209994,0.000475,0.998984,201.0,4.768016,0.076035,0.0125,0.987072,,6.393922,7.154383,6.812,2.361688,3.529412,3.0,82.0,85.0,2.076,0.25,11.47,16.22,0.72,0.12,8.3028,4.0
0.3,0.15,0.25,5.454769,0.089057,0.0125,0.972835,0.084324,0.037058,18.247269,0.5,0.29625,0.000674,0.998971,201.0,4.968294,0.123276,0.0125,0.99772,,4.292398,4.155231,6.906,8.368201,7.462687,10.0,124.0,134.0,1.268,0.22,4.7,8.35,0.65,0.17,5.8512,4.545454545454546
0.3,0.15,0.35,5.871156,0.089057,0.0125,0.972835,0.10738,0.071526,16.066755,0.5,0.484246,0.000144,0.999982,201.0,5.212592,0.123276,0.0125,0.99772,,3.111887,3.127366,6.908,14.905208,10.91954,19.0,155.0,174.0,2.274,0.17,1.35,4.78,0.33,0.07,13.645,5.88235294117647
0.3,0.15,0.4,5.88348,0.107662,0.0125,0.977119,0.136,0.093539,16.731606,0.5,0.575948,0.001427,0.998779,201.0,5.308049,0.192274,0.0125,0.989394,,2.52953,2.21294,7.079,21.065375,14.356436,29.0,173.0,202.0,1.36,0.13,1.97,4.7,0.28,0.1,10.199,7.692307692307692
0.3,0.15,0.5,6.055859,0.129513,0.0125,0.990776,0.186513,0.147556,17.556297,0.5,0.930146,0.000168,0.999994,201.0,5.488144,0.177815,0.0125,0.966163,,1.336921,1.317201,6.93,52.163413,33.179724,72.0,145.0,217.0,1.151,0.12,0.2,4.97,0.27,0.1,9.8664,8.333333333333334
0.3,0.15,0.65,5.947508,0.170799,0.0125,0.994587,0.249763,0.184083,18.668564,0.5,1.313021,0.000339,0.999987,201.0,5.601936,0.21038,0.0125,0.780826,,1.636699,1.533233,6.685,104.138208,57.370518,144.0,107.0,251.0,1.629,0.1,0.17,0.2,0.23,0.06,16.29,10.0
0.3,0.2,0.15,5.344179,0.060517,0.0125,0.969644,0.063768,0.027316,16.595179,0.5,0.42877,0.001215,0.998406,201.0,4.728175,0.083986,0.0125,0.981908,,5.32967,5.436817,6.948,3.984064,5.617978,5.0,84.0,89.0,2.023,0.27,8.2,16.18,0.83,0.13,7.5852,3.7037037037037033
0.3,0.2,0.25,5.471377,0.074537,0.0125,0.992368,0.08284,0.038847,18.448309,0.5,0.353003,0.000892,0.99873,201.0,4.866167,0.089716,0.0125,0.990357,,4.38803,4.443417,6.916,2.955665,3.571429,4.0,108.0,112.0,1.533,0.22,8.03,8.22,0.53,0.14,7.0771,4.545454545454546
0.3,0.2,0.3,5.575377,0.074537,0.0125,0.992368,0.08284,0.038847,14.566974,0.5,0.365735,9.9e-05,0.999985,201.0,4.915053,0.089716,0.0125,0.990357,,4.38803,4.443417,6.916,2.955665,3.571429,4.0,108.0,112.0,1.895,0.2,6.12,6.9,0.72,0.11,9.4764,5.0
0.3,0.2,0.35,5.575377,0.074537,0.0125,0.992368,0.08284,0.038847,14.566974,0.5,0.365735,9.9e-05,0.999985,201.0,5.04606,0.089716,0.0125,0.990357,,4.38803,4.443417,7.163,5.436893,5.645161,7.0,117.0,124.0,1.154,0.17,3.12,8.47,0.32,0.14,6.9246,5.88235294117647
0.3,0.2,0.4,5.640767,0.084048,0.0125,0.991246,0.095808,0.057716,15.05517,0.5,0.385017,0.000324,0.999859,201.0,5.067196,0.115955,0.0125,0.996667,,3.280191,3.591825,7.113,8.524745,7.936508,10.0,116.0,126.0,1.816,0.18,5.33,7.85,0.72,0.1,9.9074,5.555555555555555
0.3,0.2,0.5,5.83774,0.091131,0.0125,0.983967,0.110682,0.075108,15.697459,0.5,0.492153,0.000255,0.999947,201.0,5.213212,0.13834,0.0125,0.983477,,2.98084,3.301499,6.866,14.760148,16.0,20.0,105.0,125.0,1.406,0.15,2.7,5.0,0.28,0.11,9.3707,6.666666666666667
0.3,0.2,0.65,5.966992,0.106185,0.0125,0.983453,0.139745,0.10617,16.352507,0.5,0.679617,0.000256,0.999972,201.0,5.365681,0.163392,0.0125,0.882942,,2.118288,2.170302,6.813,28.032787,21.111111,38.0,142.0,180.0,1.622,0.13,0.27,3.63,0.28,0.08,12.162,7.692307692307692
0.3,0.2,0.8,6.017321,0.12552,0.0125,0.991497,0.17549,0.136743,16.834343,0.5,0.83484,0.000316,0.999971,201.0,5.514676,0.213473,0.0125,0.784869,,1.595388,1.821975,6.664,,,,,,2.515,0.12,0.17,4.3,0.23,0.05,21.556,8.333333333333334
0.3,0.2,1.0,5.982395,0.15499,0.0125,0.996222,0.223067,0.169196,17.720735,0.5,1.152332,0.000806,0.999903,201.0,5.595615,0.298609,0.0125,0.642319,,1.412815,1.354218,6.5,,,,,,2.552,0.1,0.15,0.17,0.23,0.04,25.522,10.0
0.3,0.3,0.15,,,,,,,,,,,,,4.743388,0.071894,0.0125,0.967402,,4.016239,4.229952,7.164,5.866775,6.504065,8.0,115.0,123.0,3.949,0.25,7.2,10.53,0.65,0.06,15.797,4.0
0.3,0.3,0.25,5.496726,0.06775,0.0125,0.987723,0.074066,0.03453,13.852504,0.5,0.387884,0.00025,0.999917,201.0,4.763944,0.082927,0.0125,0.978777,,3.929508,4.193234,7.109,9.739854,11.711712,13.0,98.0,111.0,1.871,0.22,6.33,10.38,0.62,0.12,8.6339,4.545454545454546
0.3,0.3,0.3,5.496726,0.06775,0.0125,0.987723,0.074066,0.03453,13.852504,0.5,0.387884,0.00025,0.999917,201.0,4.78319,0.082927,0.0125,0.978777,,4.307321,4.395464,7.109,9.739854,11.711712,13.0,98.0,111.0,2.045,0.22,7.83,9.18,0.42,0.11,9.4385,4.545454545454546
0.3,0.3,0.35,5.496726,0.06775,0.0125,0.987723,0.074066,0.03453,13.852504,0.5,0.387884,0.00025,0.999917,201.0,4.817802,0.082927,0.0125,0.978777,,4.307321,4.395464,7.109,7.550336,9.259259,10.0,98.0,108.0,1.556,0.23,5.52,12.82,0.42,0.15,6.6702,4.3478260869565215
0.3,0.3,0.4,5.580282,0.072993,0.0125,0.991295,0.08182,0.042671,14.2593,0.5,0.386603,8.2e-05,0.999991,201.0,4.900756,0.095146,0.0125,0.983516,,3.459033,3.843273,7.129,12.136536,12.307692,16.0,114.0,130.0,1.066,0.2,8.48,9.38,0.43,0.19,5.3309,5.0
0.3,0.3,0.5,5.666515,0.079442,0.0125,0.99027,0.090999,0.053259,14.506491,0.5,0.444839,3.5e-05,0.999999,201.0,4.950019,0.097834,0.0125,0.988941,,3.832533,3.386876,7.153,10.193858,10.23622,13.0,114.0,127.0,1.156,0.18,4.42,6.67,0.37,0.16,6.3029,5.555555555555555
0.3,0.3,0.65,5.790039,0.089292,0.0125,0.992146,0.106708,0.07118,14.9199,0.5,0.493739,9.8e-05,0.999992,201.0,5.080617,0.123738,0.0125,0.980541,,3.022901,2.674953,7.056,17.352882,18.75,24.0,104.0,128.0,1.562,0.15,3.22,4.85,0.33,0.1,10.415,6.666666666666667
0.3,0.3,0.8,5.886202,0.099577,0.0125,0.990288,0.125413,0.090983,15.560784,0.5,0.5912,0.00032,0.999942,201.0,5.210975,0.144042,0.0125,0.92083,,2.423577,2.579143,6.769,,,,,,1.783,0.13,2.77,7.08,0.32,0.07,13.373,7.692307692307692
0.3,0.3,1.0,5.96102,0.11551,0.0125,0.988424,0.153809,0.118297,16.089305,0.5,0.745256,0.00039,0.999946,201.0,5.393139,0.199111,0.0125,0.780001,,1.807058,1.621552,6.677,,,,,,0.87,0.12,0.2,3.08,0.25,0.13,7.4536,8.333333333333334
0.31,0.1,0.41,6.024987,0.107662,0.0125,0.977119,0.144137,0.11153,16.731606,0.5,0.677246,0.000166,0.999988,201.0,5.641344,0.312731,0.0125,0.916678,,1.509722,1.436002,6.662,62.193652,41.148325,86.0,123.0,209.0,,,,,,,,
0.4,0.05,0.4,5.820387,0.099576,0.0125,0.973979,0.147379,0.11098,13.905886,0.5,1.059148,0.000903,0.999855,201.0,5.525812,0.150244,0.0125,0.98512,,1.758115,1.661514,5.617,35.169705,20.421053,97.0,378.0,475.0,1.451,0.08,0.12,0.13,0.22,0.06,17.408,12.5
0.4,0.1,0.3,5.800788,0.082545,0.0125,0.971103,0.095405,0.055278,12.068138,0.5,0.548486,0.000112,0.999992,201.0,5.34062,0.109206,0.0125,0.995079,,2.578442,2.624736,5.532,,,,,,1.162,0.12,0.9,5.2,0.23,0.1,9.9589,8.333333333333334
0.4,0.1,0.4,5.820387,0.099576,0.0125,0.973979,0.147379,0.11098,13.905886,0.5,1.059148,0.000903,0.999855,201.0,5.430269,0.150244,0.0125,0.98512,,1.758115,1.661514,5.617,35.169705,20.421053,97.0,378.0,475.0,1.807,0.1,0.18,3.23,0.22,0.06,18.074,10.0
0.4,0.1,0.5,6.058122,0.120404,0.0125,0.987301,0.166415,0.129401,12.944216,0.5,1.099451,0.000308,0.999984,201.0,5.683668,0.199721,0.0125,0.988027,,1.244465,1.378026,5.415,,,,,,1.339,0.08,0.12,0.15,0.2,0.06,16.066,12.5
0.4,0.1,0.65,5.52305,0.156763,0.0125,0.993556,0.228911,0.171453,16.279606,0.5,2.893373,0.001623,0.999937,201.0,5.732545,0.328953,0.0125,0.791703,,0.988462,0.956876,5.155,,,,,,3.71,0.08,0.1,0.12,0.18,0.02,44.522,12.5
0.4,0.1,0.8,5.194174,0.401926,0.0125,0.994941,0.285288,0.198801,14.498891,0.5,3.885736,0.000569,0.999996,201.0,5.694388,,,,,0.876266,0.774869,5.044,,,,,,3.537,0.07,0.1,0.1,0.18,0.02,53.061,14.285714285714285
0.4,0.1,1.0,5.593626,0.266718,0.0125,0.996768,0.345682,0.216777,15.706971,0.5,2.675846,0.000889,0.999978,201.0,5.616593,,,,,0.79745,0.81219,4.891,,,,,,6.429,0.07,0.08,0.1,0.17,0.01,96.437,14.285714285714285
0.4,0.2,0.3,5.558592,0.071768,0.0125,0.990312,0.078875,0.036034,11.118287,0.5,0.49595,4.8e-05,0.999998,201.0,4.914994,0.082668,0.0125,0.988136,,4.299174,3.815182,5.59,,,,,,2.119,0.17,2.67,6.28,0.35,0.08,12.717,5.88235294117647
0.4,0.2,0.4,5.686613,0.078146,0.0125,0.989612,0.088747,0.047659,11.457971,0.5,0.5891,0.002924,0.99512,201.0,5.074683,0.111873,0.0125,0.986166,,2.397222,2.373607,5.615,18.197136,13.913043,48.0,297.0,345.0,1.198,0.13,3.35,9.42,0.28,0.11,8.9869,7.692307692307692
0.4,0.2,0.5,5.817499,0.086746,0.0125,0.985402,0.10278,0.064519,11.767268,0.5,0.65413,0.000147,0.99999,201.0,5.243712,0.12274,0.0125,0.996014,,2.088801,2.283668,5.531,,,,,,1.32,0.12,1.47,4.68,0.25,0.09,11.312,8.333333333333334
0.4,0.2,0.65,5.959358,0.100806,0.0125,0.98325,0.129645,0.095374,12.119041,0.5,0.789738,7.2e-05,0.999998,201.0,5.421451,0.152041,0.0125,0.988799,,1.619928,1.754777,5.439,,,,,,1.916,0.1,0.73,3.2,0.2,0.05,19.163,10.0
0.4,0.2,0.8,6.020012,0.119614,0.0125,0.990452,0.164268,0.128357,12.724656,0.5,1.062804,0.000775,0.999894,201.0,5.525449,0.211033,0.0125,0.932546,,1.33706,1.266435,5.225,,,,,,1.777,0.08,0.13,2.57,0.2,0.05,21.319,12.5
0.4,0.2,1.0,6.007441,0.146136,0.0125,0.995066,0.209458,0.160596,13.235378,0.5,1.390806,0.000281,0.999992,201.0,5.657036,0.326879,0.0125,0.694798,,1.026461,0.894256,5.172,,,,,,2.586,0.08,0.12,0.13,0.18,0.03,31.032,12.5
0.4,0.3,0.3,5.470495,0.06517,0.0125,0.988901,0.070531,0.030999,10.619607,0.5,0.491957,0.000137,0.999985,201.0,4.862432,0.083784,0.0125,0.980362,,2.898025,3.098588,5.798,,,,,,1.579,0.17,2.13,6.0,0.45,0.11,9.4732,5.88235294117647
0.4,0.3,0.5,5.651647,0.07597,0.0125,0.992483,0.086506,0.047665,11.107074,0.5,0.59632,0.00027,0.999959,201.0,4.96783,0.0923,0.0125,0.988273,,2.647093,2.477891,5.647,,,,,,1.111,0.15,3.1,4.18,0.6,0.14,7.4056,6.666666666666667
0.4,0.3,0.65,5.778014,0.085336,0.0125,0.988914,0.100515,0.063782,11.585585,0.5,0.668116,0.000338,0.999949,201.0,5.13318,0.118805,0.0125,0.995579,,2.201453,2.588576,5.534,,,,,,1.954,0.12,1.8,4.38,0.28,0.06,16.745,8.333333333333334
0.4,0.3,0.8,5.871976,0.095122,0.0125,0.987839,0.11683,0.080967,11.755998,0.5,0.753,0.000348,0.999957,201.0,5.241891,0.13178,0.0125,0.988363,,1.916333,1.956113,5.486,,,,,,1.626,0.1,1.77,4.02,0.23,0.06,16.256,10.0
0.4,0.3,1.0,5.96213,0.111191,0.0125,0.988593,0.145404,0.110975,12.276964,0.5,0.951556,0.000329,0.999976,201.0,5.366908,0.166824,0.0125,0.900978,,1.606962,1.5933,5.213,,,,,,1.621,0.08,0.17,2.17,0.18,0.05,19.446,12.5
0.5,0.02,0.15,,,,,,,,,,,,,5.260793,0.092853,0.0125,0.99361,,4.558696,5.027533,4.508,13.645485,8.333333,17.0,187.0,204.0,0.92,0.1,1.13,2.13,0.18,0.11,9.2049,10.0
0.5,0.02,0.25,,,,,,,,,,,,,5.80021,0.135496,0.0125,0.99792,,1.909391,1.979737,4.596,42.092308,16.011236,57.0,299.0,356.0,2.016,0.07,0.08,0.1,0.15,0.03,30.234,14.285714285714285
0.5,0.02,0.35,,,,,,,,,,,,,5.653289,0.232192,0.0125,0.997291,,1.227897,1.222969,3.917,146.688078,50.123457,203.0,202.0,405.0,4.026,0.07,0.07,0.08,0.15,0.02,60.395,14.285714285714285
0.5,0.02,0.4,5.856982,0.095523,0.0125,0.953771,0.11764,0.078211,10.254196,0.5,0.855866,0.001473,0.999411,201.0,5.532231,0.196977,0.0125,0.997923,,0.659115,0.701708,4.437,220.540541,70.022883,306.0,131.0,437.0,5.663,0.05,0.07,0.08,0.15,0.01,113.26,20.0
0.5,0.02,0.5,,,,,,,,,,,,,5.251609,0.287325,0.0125,0.927403,,0.732385,0.702216,4.178,288.95116,93.039443,401.0,30.0,431.0,6.456,0.05,0.07,0.08,0.15,0.01,129.12,20.0
0.5,0.02,0.65,5.617142,0.248555,0.0125,0.989719,0.331188,0.212708,12.624793,0.5,3.291808,0.000928,0.999984,201.0,4.933394,,,,,0.743565,0.661546,3.96,350.040098,99.385246,485.0,3.0,488.0,7.053,0.05,0.07,0.07,0.15,0.01,141.06,20.0
0.5,0.04,0.15,,,,,,,,,,,,,5.050413,0.092853,0.0125,0.99361,,4.596115,4.760708,4.508,13.645485,8.333333,17.0,187.0,204.0,1.632,0.22,1.52,5.23,0.53,0.13,7.5335,4.545454545454546
0.5,0.04,0.25,,,,,,,,,,,,,5.61926,0.135496,0.0125,0.99792,,2.573868,2.971152,4.473,42.092308,16.011236,57.0,299.0,356.0,1.056,0.08,0.12,1.82,0.17,0.08,12.676,12.5
0.5,0.04,0.35,,,,,,,,,,,,,5.781795,0.232192,0.0125,0.997291,,1.227897,1.222969,3.917,146.688078,50.123457,203.0,202.0,405.0,1.821,0.07,0.08,0.1,0.15,0.04,27.312,14.285714285714285
0.5,0.04,0.4,5.856982,0.095523,0.0125,0.953771,0.11764,0.078211,10.254196,0.5,0.855866,0.001473,0.999411,201.0,5.807889,0.17923,0.0125,0.996053,,1.177697,1.146144,4.437,220.540541,70.022883,306.0,131.0,437.0,3.008,0.07,0.08,0.08,0.15,0.02,45.114,14.285714285714285
0.5,0.04,0.5,,,,,,,,,,,,,5.714088,0.287325,0.0125,0.927403,,0.732385,0.702216,4.327,288.95116,93.039443,401.0,30.0,431.0,5.389,0.07,0.08,0.08,0.15,0.01,80.841,14.285714285714285
0.5,0.04,0.65,5.617142,0.248555,0.0125,0.989719,0.331188,0.212708,12.624793,0.5,3.291808,0.000928,0.999984,201.0,5.346828,0.384699,0.0125,0.84353,,0.738875,0.645824,4.053,350.040098,99.385246,485.0,3.0,488.0,7.883,0.05,0.07,0.08,0.15,0.01,157.66,20.0
0.5,0.05,0.4,5.856982,0.095523,0.0125,0.953771,0.11764,0.078211,9.93507,0.5,0.855866,0.001473,0.999411,201.0,5.615162,0.17923,0.0125,0.996053,,1.177697,1.146144,4.437,220.540541,70.022883,306.0,131.0,437.0,1.698,0.08,0.1,0.12,0.18,0.05,20.38,12.5
0.5,0.06,0.15,,,,,,,,,,,,,4.968874,0.092853,0.0125,0.99361,,4.596115,4.760708,4.508,13.645485,8.333333,17.0,187.0,204.0,1.228,0.17,1.1,4.43,0.75,0.14,7.3701,5.88235294117647
0.5,0.06,0.25,5.416645,0.071681,0.0125,0.970536,0.078,0.031647,9.332629,0.5,0.438229,0.000231,0.999945,201.0,5.427376,0.086005,0.0125,0.986301,,2.235309,2.695074,4.473,42.092308,16.011236,57.0,299.0,356.0,1.374,0.1,1.05,3.93,0.22,0.07,13.743,10.0
0.5,0.06,0.35,,0.077585,0.0125,0.963763,,,9.611889,0.5,0.632429,0.000175,0.999985,201.0,5.677779,0.125878,0.0125,0.998119,,2.235309,2.695074,3.917,146.688078,50.123457,203.0,202.0,405.0,1.275,0.07,0.1,0.13,0.15,0.05,19.123,14.285714285714285
0.5,0.06,0.4,5.856982,0.095523,0.0125,0.953771,0.11764,0.078211,9.93507,0.5,0.855866,0.001473,0.999411,201.0,5.778004,0.17923,0.0125,0.996053,,1.177697,1.146144,4.437,220.540541,70.022883,306.0,131.0,437.0,2.386,0.07,0.08,0.1,0.15,0.03,35.791,14.285714285714285
0.5,0.06,0.5,6.054672,0.111144,0.0125,0.983427,0.149281,0.115011,10.391803,0.5,1.178902,0.000786,0.999912,201.0,5.792945,0.184183,0.0125,0.998693,,0.732385,0.702216,4.327,288.95116,93.039443,401.0,30.0,431.0,2.492,0.07,0.08,0.08,0.15,0.03,37.378,14.285714285714285
0.5,0.06,0.65,5.617142,0.144624,0.0125,0.993563,0.207763,0.158853,10.928372,0.5,3.291808,0.000928,0.999984,201.0,5.636862,0.320738,0.0125,0.914679,,0.738875,0.645824,4.053,350.040098,99.385246,485.0,3.0,488.0,3.651,0.05,0.07,0.08,0.15,0.01,73.024,20.0
0.5,0.08,0.15,,,,,,,,,,,,,4.892824,0.092853,0.0125,0.99361,,4.596115,4.760708,4.508,3.456,2.272727,3.0,129.0,132.0,2.616,0.22,2.18,5.1,0.62,0.08,12.075,4.545454545454546
0.5,0.08,0.25,5.416645,0.071681,0.0125,0.970536,0.078,0.031647,9.332629,0.5,0.438229,0.000231,0.999945,201.0,5.245326,0.086005,0.0125,0.986301,,2.235309,2.695074,4.473,10.190053,5.384615,14.0,246.0,260.0,1.016,0.12,0.78,2.17,0.43,0.11,8.7089,8.333333333333334
0.5,0.08,0.35,,0.077585,0.0125,0.963763,,,9.611889,0.5,0.632429,0.000175,0.999985,201.0,5.597956,0.125878,0.0125,0.998119,,2.235309,2.695074,4.622,44.480454,18.10089,61.0,276.0,337.0,1.482,0.08,0.12,2.18,0.17,0.06,17.778,12.5
0.5,0.08,0.4,5.856982,0.095523,0.0125,0.953771,0.11764,0.078211,9.93507,0.5,0.855866,0.001473,0.999411,201.0,5.662822,0.17923,0.0125,0.996053,,1.177697,1.146144,4.437,74.588665,28.021978,102.0,262.0,364.0,1.579,0.07,0.1,0.13,0.17,0.04,23.683,14.285714285714285
0.5,0.08,0.5,6.054672,0.111144,0.0125,0.983427,0.149281,0.115011,10.391803,0.5,1.178902,0.000786,0.999912,201.0,5.758548,0.184183,0.0125,0.998693,,0.732385,0.702216,4.327,171.809908,56.45933,236.0,182.0,418.0,1.871,0.07,0.08,0.1,0.15,0.04,28.072,14.285714285714285
0.5,0.08,0.65,5.617142,0.144624,0.0125,0.993563,0.207763,0.158853,10.928372,0.5,3.291808,0.000928,0.999984,201.0,5.744689,0.320738,0.0125,0.914679,,0.738875,0.645824,4.053,278.640001,88.761468,387.0,49.0,436.0,2.655,0.07,0.08,0.08,0.15,0.03,39.832,14.285714285714285
0.5,0.1,0.15,,,,,,,,,,,,,4.817497,0.070775,0.0125,0.982879,,4.983333,4.724979,4.508,4.103032,4.201681,5.0,114.0,119.0,1.686,0.22,2.13,5.32,0.67,0.13,7.7821,4.545454545454546
0.5,0.1,0.2,5.416645,0.071681,0.0125,0.970536,0.078,0.031647,9.332629,0.5,0.438229,0.000231,0.999945,201.0,4.936959,0.086005,0.0125,0.986301,,3.504861,3.440504,4.473,7.256602,4.784689,10.0,199.0,209.0,1.368,0.13,1.28,3.92,0.28,0.1,10.263,7.692307692307692
0.5,0.1,0.25,5.416645,0.071681,0.0125,0.970536,0.078,0.031647,9.332629,0.5,0.438229,0.000231,0.999945,201.0,1.610283,0.086005,0.0125,0.986301,,2.235309,2.695074,4.473,7.256602,4.784689,10.0,199.0,209.0,1.119,0.12,0.65,3.45,0.33,0.1,9.5916,8.333333333333334
0.5,0.1,0.3,5.586189,0.071681,0.0125,0.970536,0.078,0.031647,9.332629,0.5,0.525984,0.000262,0.999951,201.0,5.285922,0.086005,0.0125,0.986301,,2.235309,2.695074,4.473,7.256602,4.784689,10.0,199.0,209.0,1.164,0.1,0.83,5.4,0.62,0.09,11.636,10.0
0.5,0.1,0.35,,0.077585,0.0125,0.963763,,,9.611889,0.5,0.632429,0.000175,0.999985,201.0,1.622117,0.125878,0.0125,0.998119,,2.235309,2.695074,4.622,25.005107,12.014134,34.0,249.0,283.0,1.264,0.08,0.25,1.85,0.37,0.07,15.169,12.5
0.5,0.1,0.4,5.856982,0.095523,0.0125,0.953771,0.11764,0.078211,9.93507,0.5,0.855866,0.001473,0.999411,201.0,5.485826,0.110091,0.0125,0.993487,,1.177697,1.146144,4.437,25.598398,13.027523,71.0,474.0,545.0,1.65,0.08,0.17,3.3,0.17,0.05,19.799,12.5
0.5,0.1,0.4,5.856982,0.095523,0.0125,0.953771,0.11764,0.078211,9.93507,0.5,0.855866,0.001473,0.999411,201.0,5.485826,0.110091,0.0125,0.993487,,1.177697,1.146144,4.437,25.598398,13.027523,71.0,474.0,545.0,0.537,0.07,0.1,0.13,0.15,0.12,8.0508,14.285714285714285
0.5,0.1,0.4,5.856982,0.095523,0.0125,0.953771,0.11764,0.078211,9.93507,0.5,0.855866,0.001473,0.999411,201.0,5.485826,0.110091,0.0125,0.993487,,1.177697,1.146144,4.437,25.598398,13.027523,71.0,474.0,545.0,1.65,0.08,0.17,3.3,0.17,0.05,19.799,12.5
0.5,0.1,0.4,5.856982,0.095523,0.0125,0.953771,0.11764,0.078211,9.93507,0.5,0.855866,0.001473,0.999411,201.0,5.485826,0.110091,0.0125,0.993487,,1.177697,1.146144,4.437,25.598398,13.027523,71.0,474.0,545.0,0.537,0.07,0.1,0.13,0.15,0.12,8.0508,14.285714285714285
0.5,0.1,0.5,6.054672,0.111144,0.0125,0.983427,0.149281,0.115011,10.391803,0.5,1.178902,0.000786,0.999912,201.0,5.68329,0.184183,0.0125,0.998693,,0.944852,1.006251,4.45,87.609005,31.578947,120.0,260.0,380.0,2.161,0.07,0.1,0.12,0.15,0.03,32.418,14.285714285714285
0.5,0.1,0.6,6.053466,0.133793,0.0125,0.991135,0.18976,0.146453,10.686991,0.5,1.593434,0.000897,0.999937,201.0,5.646101,0.206491,0.0125,0.967844,,1.056997,0.866028,4.388,45.203416,20.16129,25.0,99.0,124.0,2.093,0.07,0.1,0.12,0.17,0.03,31.402,14.285714285714285
0.5,0.1,0.65,5.617142,0.144624,0.0125,0.993563,0.207763,0.158853,10.928372,0.5,3.291808,0.000928,0.999984,201.0,5.780264,0.320738,0.0125,0.914679,,1.079264,1.10077,4.053,198.476344,66.747573,275.0,137.0,412.0,2.521,0.07,0.08,0.1,0.15,0.03,37.817,14.285714285714285
0.5,0.1,0.8,5.306338,0.182601,0.0125,0.992536,0.395567,0.223022,13.831919,0.5,4.184973,0.003631,0.99985,201.0,5.716603,0.93775,0.0125,0.662501,,0.728145,0.654418,3.963,,,,,,4.644,0.07,0.08,0.08,0.15,0.01,69.653,14.285714285714285
0.5,0.1,1.0,5.681257,0.240308,0.0125,0.99618,0.325418,0.210117,12.259026,0.5,2.994006,0.00088,0.999983,201.0,5.592305,,,,,0.623842,0.573532,3.902,273.600001,85.972851,380.0,62.0,442.0,5.288,0.05,0.07,0.08,0.15,0.01,105.76,20.0
0.5,0.1,1.0,5.681257,0.240308,0.0125,0.99618,0.325418,0.210117,12.259026,0.5,2.994006,0.00088,0.999983,201.0,5.592305,,,,,0.623842,0.573532,3.902,273.600001,85.972851,380.0,62.0,442.0,6.08,0.05,0.07,0.08,0.15,0.01,121.6,20.0
0.5,0.1,1.0,5.681257,0.240308,0.0125,0.99618,0.325418,0.210117,12.259026,0.5,2.994006,0.00088,0.999983,201.0,5.592305,,,,,0.623842,0.573532,3.902,273.600001,85.972851,380.0,62.0,442.0,5.288,0.05,0.07,0.08,0.15,0.01,105.76,20.0
0.5,0.1,1.0,5.681257,0.240308,0.0125,0.99618,0.325418,0.210117,12.259026,0.5,2.994006,0.00088,0.999983,201.0,5.592305,,,,,0.623842,0.573532,3.902,273.600001,85.972851,380.0,62.0,442.0,6.08,0.05,0.07,0.08,0.15,0.01,121.6,20.0
0.5,0.1,3.0,,,,,,,,,,,,,4.935405,,,,,0.476237,0.412737,3.425,,,,,,10.902,0.05,0.07,0.07,0.13,0.0,218.05,20.0
0.5,0.1,5.0,,,,,,,,,,,,,4.939153,,,,,0.419481,0.410242,3.328,,,,,,14.355,0.05,0.07,0.07,0.13,0.0,287.11,20.0
0.5,0.1,10.0,,,,,,,,,,,,,4.264004,,,,,0.689253,2.599966,2.963,,,,,,199.808,0.05,0.07,0.07,0.13,0.0,3996.2,20.0
0.5,0.15,0.15,,,,,,,,,,,,,4.744717,0.070775,0.0125,0.982879,,4.983333,4.724979,4.688,1.745031,1.818182,2.0,108.0,110.0,1.249,0.18,5.92,9.3,0.6,0.15,6.8146,5.555555555555555
0.5,0.15,0.25,5.416645,0.071681,0.0125,0.970536,0.078,0.031647,9.332629,0.5,0.438229,0.000231,0.999945,201.0,4.922778,0.086005,0.0125,0.986301,,2.235309,2.695074,4.659,11.368421,8.0,6.0,69.0,75.0,2.237,0.17,1.02,6.4,0.65,0.07,13.421,5.88235294117647
0.5,0.15,0.35,,0.077585,0.0125,0.963763,,,9.611889,0.5,0.632429,0.000175,0.999985,201.0,5.161934,0.125878,0.0125,0.998119,,2.235309,2.695074,4.622,6.906843,4.368932,9.0,197.0,206.0,1.431,0.1,1.22,5.6,0.43,0.07,14.314,10.0
0.5,0.15,0.4,5.961209,0.09292,0.0125,0.970422,0.114147,0.077717,9.93507,0.5,0.905186,0.000413,0.999959,201.0,5.302578,0.110091,0.0125,0.993487,,1.531835,1.706934,4.65,14.478056,8.214286,23.0,257.0,280.0,1.37,0.1,0.67,3.88,0.42,0.07,13.704,10.0
0.5,0.15,0.5,6.054672,0.111144,0.0125,0.983427,0.149281,0.115011,10.391803,0.5,1.178902,0.000786,0.999912,201.0,5.441318,0.184183,0.0125,0.998693,,1.109028,1.222042,4.45,19.893574,8.653846,27.0,285.0,312.0,1.506,0.08,0.35,2.8,0.17,0.06,18.073,12.5
0.5,0.15,0.65,6.024185,0.144624,0.0125,0.993563,0.207763,0.158853,10.928372,0.5,1.794247,0.001246,0.999904,201.0,5.583765,0.320738,0.0125,0.914679,,1.079264,1.10077,4.304,91.230893,33.870968,126.0,246.0,372.0,1.77,0.07,0.1,0.12,0.15,0.04,26.548,14.285714285714285
0.5,0.2,0.15,,,,,,,,,,,,,4.766478,0.069041,0.0125,0.990126,,3.083813,2.942573,4.732,9.52381,7.236842,11.0,141.0,152.0,1.984,0.17,4.67,7.83,0.67,0.08,11.907,5.88235294117647
0.5,0.2,0.25,5.512415,0.068701,0.0125,0.986063,0.074083,0.028819,8.88922,0.5,0.55711,0.000176,0.99998,201.0,4.859784,0.086101,0.0125,0.990947,,3.26993,3.662267,4.652,4.609475,3.289474,5.0,147.0,152.0,1.985,0.15,1.32,9.18,0.58,0.08,13.231,6.666666666666667
0.5,0.2,0.3,5.512415,0.068701,0.0125,0.986063,0.074083,0.028819,8.88922,0.5,0.55711,0.000176,0.99998,201.0,4.971778,0.086101,0.0125,0.990947,,3.26993,3.662267,4.652,4.609475,3.289474,5.0,147.0,152.0,0.846,0.12,1.72,5.93,0.3,0.14,7.2505,8.333333333333334
0.5,0.2,0.35,5.512415,0.068701,0.0125,0.986063,0.074083,0.028819,8.88922,0.5,0.55711,0.000176,0.99998,201.0,5.015595,0.086101,0.0125,0.990947,,2.42041,2.68053,4.568,6.248644,4.188482,8.0,183.0,191.0,1.109,0.12,0.78,3.37,0.55,0.11,9.5075,8.333333333333334
0.5,0.2,0.4,5.659014,0.075126,0.0125,0.986983,0.083966,0.040914,8.979847,0.5,0.65708,0.001005,0.999534,201.0,5.084653,0.109328,0.0125,0.989729,,2.426996,2.643125,4.662,7.698888,5.235602,10.0,181.0,191.0,1.259,0.12,2.47,5.67,0.52,0.09,10.79,8.333333333333334
0.5,0.2,0.4,5.659014,0.075126,0.0125,0.986983,0.083966,0.040914,8.979847,0.5,0.65708,0.001005,0.999534,201.0,5.084653,0.109328,0.0125,0.989729,,2.426996,2.643125,4.662,7.698888,5.235602,10.0,181.0,191.0,1.493,0.1,1.27,5.07,0.33,0.07,14.935,10.0
0.5,0.2,0.4,5.659014,0.075126,0.0125,0.986983,0.083966,0.040914,8.979847,0.5,0.65708,0.001005,0.999534,201.0,5.084653,0.109328,0.0125,0.989729,,2.426996,2.643125,4.662,7.698888,5.235602,10.0,181.0,191.0,1.259,0.12,2.47,5.67,0.52,0.09,10.79,8.333333333333334
0.5,0.2,0.4,5.659014,0.075126,0.0125,0.986983,0.083966,0.040914,8.979847,0.5,0.65708,0.001005,0.999534,201.0,5.084653,0.109328,0.0125,0.989729,,2.426996,2.643125,4.662,7.698888,5.235602,10.0,181.0,191.0,1.493,0.1,1.27,5.07,0.33,0.07,14.935,10.0
0.5,0.2,0.5,5.801908,0.083304,0.0125,0.982907,0.097295,0.059091,9.471709,0.5,0.738544,0.000481,0.999916,201.0,5.227378,0.107133,0.0125,0.992351,,1.872562,1.937987,4.611,15.159414,8.898305,21.0,215.0,236.0,2.0,0.1,0.77,4.82,0.37,0.05,19.998,10.0
0.5,0.2,0.65,5.945465,0.097238,0.0125,0.981261,0.121962,0.085505,9.766992,0.5,0.995312,0.000181,0.999993,201.0,5.427881,0.140441,0.0125,0.998767,,1.397871,1.408177,4.417,23.577569,11.510791,32.0,246.0,278.0,1.549,0.08,0.82,2.53,0.17,0.05,18.589,12.5
0.5,0.2,0.8,6.01594,0.113364,0.0125,0.983981,0.150852,0.114463,10.01947,0.5,1.178395,0.000143,0.999997,201.0,5.538112,0.171813,0.0125,0.972368,,1.167264,1.192952,4.374,,,,,,1.468,0.07,0.1,1.37,0.17,0.05,22.027,14.285714285714285
0.5,0.2,1.0,6.019952,0.139357,0.0125,0.994383,0.197026,0.151828,10.575556,0.5,1.657335,0.00109,0.999914,201.0,5.648068,0.262682,0.0125,0.826374,,0.815907,0.787136,4.202,,,,,,1.977,0.07,0.08,0.1,0.15,0.03,29.65,14.285714285714285
0.5,0.3,0.15,,,,,,,,,,,,,4.709493,0.063112,0.0125,0.975277,,3.185696,2.89118,4.666,11.3804,9.448819,12.0,115.0,127.0,1.207,0.15,1.8,4.82,0.32,0.12,8.0473,6.666666666666667
0.5,0.3,0.25,5.451111,0.063268,0.0125,0.990907,0.068084,0.02717,8.647023,0.5,0.591206,0.000396,0.999911,201.0,4.809498,0.066719,0.0125,0.984116,,2.628402,2.662182,4.574,8.094849,6.285714,11.0,164.0,175.0,2.145,0.15,4.2,5.47,0.47,0.07,14.3,6.666666666666667
0.5,0.3,0.3,5.451111,0.063268,0.0125,0.990907,0.068084,0.02717,8.647023,0.5,0.591206,0.000396,0.999911,201.0,4.832471,0.072408,0.0125,0.989329,,2.919151,3.540831,4.574,8.094849,6.285714,11.0,164.0,175.0,1.886,0.15,2.98,7.05,0.45,0.08,12.575,6.666666666666667
0.5,0.3,0.35,5.451111,0.063268,0.0125,0.990907,0.068084,0.02717,8.647023,0.5,0.591206,0.000396,0.999911,201.0,4.863466,0.072408,0.0125,0.989329,,2.919151,3.540831,4.574,6.917165,5.357143,9.0,159.0,168.0,1.295,0.13,2.42,6.58,0.37,0.1,9.7098,7.692307692307692
0.5,0.3,0.4,5.536505,0.06812,0.0125,0.989741,0.074381,0.032949,8.799941,0.5,0.631056,0.000111,0.999994,201.0,4.900759,0.078953,0.0125,0.988143,,2.638889,2.707182,4.717,7.023629,5.882353,9.0,144.0,153.0,1.605,0.13,2.22,6.02,0.35,0.08,12.035,7.692307692307692
0.5,0.3,0.5,5.63037,0.073333,0.0125,0.990708,0.081725,0.040104,9.014971,0.5,0.653654,0.000162,0.999988,201.0,5.00301,0.089785,0.0125,0.988747,,2.301204,2.168222,4.667,12.005002,8.648649,16.0,169.0,185.0,1.455,0.1,1.37,4.12,0.23,0.07,14.551,10.0
0.5,0.3,0.65,5.755131,0.081788,0.0125,0.991189,0.094677,0.055665,9.288979,0.5,0.795836,0.000111,0.999996,201.0,5.141981,0.109665,0.0125,0.989619,,1.939242,2.236651,4.642,14.123477,9.895833,19.0,173.0,192.0,1.453,0.1,0.52,5.02,0.3,0.07,14.531,10.0
0.5,0.3,0.8,5.859625,0.091478,0.0125,0.988938,0.111044,0.074494,9.479707,0.5,0.929,0.000437,0.999956,201.0,5.290182,0.124764,0.0125,0.996817,,1.512708,1.454078,4.517,,,,,,1.007,0.08,1.13,2.92,0.23,0.08,12.089,12.5
0.5,0.3,1.0,5.961497,0.106751,0.0125,0.987237,0.137941,0.103388,9.823627,0.5,1.10065,0.000482,0.999962,201.0,5.428291,0.164181,0.0125,0.973817,,1.211691,1.172169,4.408,,,,,,1.437,0.07,0.12,4.1,0.17,0.05,21.558,14.285714285714285
0.6,0.05,0.4,5.880274,0.087375,0.0125,0.964494,0.103596,0.049377,8.834404,0.5,0.98228,0.001325,0.999638,201.0,5.55685,0.126801,0.0125,0.995015,,1.05461,0.979049,4.039,33.209666,14.72,92.0,533.0,625.0,1.412,0.07,0.1,0.12,0.17,0.05,21.178,14.285714285714285
0.6,0.2,0.4,5.533035,0.070532,0.0125,0.990458,0.076812,0.031863,7.495291,0.5,0.885232,0.002846,0.997948,201.0,5.072195,0.093656,0.0125,0.984249,,1.685166,1.841577,3.91,22.888283,12.857143,63.0,427.0,490.0,1.429,0.1,1.4,4.75,0.63,0.07,14.285,10.0
0.8,0.02,0.15,,,,,,,,,,,,,4.930219,0.066114,0.0125,0.985419,,3.103745,3.068661,2.975,14.475271,10.526316,20.0,170.0,190.0,1.763,0.22,1.38,2.7,0.72,0.12,8.1347,4.545454545454546
0.8,0.02,0.25,,,,,,,,,,,,,5.610582,0.100945,0.0125,0.998454,,1.617934,2.182597,3.093,35.357787,12.860892,49.0,332.0,381.0,0.886,0.05,0.08,1.28,0.12,0.06,17.718,20.0
0.8,0.02,0.35,,,,,,,,,,,,,5.838083,0.217057,0.0125,0.997903,,0.575679,0.530867,2.916,84.197682,20.909091,115.0,435.0,550.0,2.761,0.05,0.05,0.07,0.1,0.02,55.228,20.0
0.8,0.02,0.4,,,,,,,,,,,,,5.762406,0.303219,0.0125,0.927737,,0.523315,0.528254,2.543,124.662775,31.386861,172.0,376.0,548.0,3.028,0.03,0.05,0.05,0.1,0.01,90.832,33.333333333333336
0.8,0.02,0.5,,,,,,,,,,,,,5.531661,0.203492,0.0125,0.997636,,0.552311,0.51464,2.572,304.803842,61.482558,423.0,265.0,688.0,6.457,0.03,0.05,0.05,0.1,0.01,193.71,33.333333333333336
0.8,0.02,0.65,5.820433,0.18036,0.0125,0.981293,0.264144,0.188422,7.482076,0.5,3.994348,0.001724,0.999963,201.0,5.151627,0.296893,0.0125,0.900351,,0.453891,0.446114,2.566,510.990991,93.659181,709.0,48.0,757.0,7.902,0.03,0.05,0.05,0.1,0.0,237.06,33.333333333333336
0.8,0.04,0.15,,,,,,,,,,,,,4.878992,0.066114,0.0125,0.985419,,3.103745,3.068661,3.124,14.475271,10.526316,20.0,170.0,190.0,1.774,0.22,1.43,5.43,0.6,0.12,8.1868,4.545454545454546
0.8,0.04,0.25,,,,,,,,,,,,,5.358741,0.100945,0.0125,0.998454,,1.617934,2.182597,3.093,35.357787,12.860892,49.0,332.0,381.0,0.563,0.07,0.55,2.22,0.13,0.12,8.4482,14.285714285714285
0.8,0.04,0.35,,,,,,,,,,,,,5.756336,0.108012,0.0125,0.992578,,0.575679,0.530867,2.916,84.197682,20.909091,115.0,435.0,550.0,1.799,0.05,0.07,0.08,0.12,0.03,35.988,20.0
0.8,0.04,0.4,,,,,,,,,,,,,5.827994,0.303219,0.0125,0.927737,,0.523315,0.528254,2.543,124.662775,31.386861,172.0,376.0,548.0,2.138,0.05,0.07,0.07,0.1,0.02,42.768,20.0
0.8,0.04,0.5,,,,,,,,,,,,,5.814057,0.16003,0.0125,0.997173,,0.552311,0.51464,2.572,304.803842,61.482558,423.0,265.0,688.0,3.82,0.05,0.05,0.05,0.1,0.01,76.392,20.0
0.8,0.04,0.65,5.820433,0.18036,0.0125,0.981293,0.264144,0.188422,7.482076,0.5,3.994348,0.001724,0.999963,201.0,5.606466,0.296893,0.0125,0.900351,,0.453891,0.446114,2.566,510.990991,93.659181,709.0,48.0,757.0,7.402,0.03,0.05,0.05,0.1,0.0,222.06,33.333333333333336
0.8,0.06,0.15,,,,,,,,,,,,,1.645476,0.066114,0.0125,0.985419,,3.103745,3.068661,3.124,14.475271,10.526316,20.0,170.0,190.0,2.135,0.2,0.72,6.92,0.92,0.09,10.674,5.0
0.8,0.06,0.25,,,,,,,,,,,,,1.62634,0.100945,0.0125,0.998454,,1.617934,2.182597,3.21,35.357787,12.860892,49.0,332.0,381.0,1.348,0.08,0.42,1.85,0.53,0.06,16.174,12.5
0.8,0.06,0.35,,,,,,,,,,,,,1.617414,0.108012,0.0125,0.992578,,0.575679,0.530867,2.916,84.197682,20.909091,115.0,435.0,550.0,1.006,0.05,0.1,1.02,0.13,0.05,20.116,20.0
0.8,0.06,0.4,5.818565,0.078389,0.0125,0.957348,0.08801,0.042233,6.173993,0.5,1.101162,0.00015,0.999996,201.0,1.622969,0.303219,0.0125,0.927737,,0.523315,0.528254,2.543,124.662775,31.386861,172.0,376.0,548.0,1.48,0.05,0.07,0.08,0.12,0.03,29.609,20.0
0.8,0.06,0.5,,,,,,,,,,,,,5.79656,0.132203,0.0125,0.995553,,0.552311,0.51464,2.572,304.803842,61.482558,423.0,265.0,688.0,2.593,0.05,0.07,0.07,0.1,0.02,51.869,20.0
0.8,0.06,0.65,5.820433,0.120218,0.0125,0.988551,0.264144,0.188422,7.482076,0.5,3.994348,0.001724,0.999963,201.0,5.803764,0.296893,0.0125,0.900351,,0.453891,0.446114,2.566,510.990991,93.659181,709.0,48.0,757.0,2.864,0.03,0.05,0.05,0.1,0.01,85.92,33.333333333333336
0.8,0.08,0.15,,,,,,,,,,,,,1.630223,0.066114,0.0125,0.985419,,3.103745,3.068661,3.124,5.077574,2.777778,6.0,210.0,216.0,1.882,0.17,1.35,3.72,0.38,0.09,11.292,5.88235294117647
0.8,0.08,0.25,,,,,,,,,,,,,1.633618,0.076489,0.0125,0.984847,,1.617934,2.182597,3.21,12.976313,4.713805,14.0,283.0,297.0,0.903,0.1,0.62,3.12,0.38,0.11,9.0281,10.0
0.8,0.08,0.35,,,,,,,,,,,,,1.624895,0.108012,0.0125,0.992578,,0.785532,0.776403,2.916,33.40895,9.803922,45.0,414.0,459.0,1.221,0.07,0.28,0.52,0.37,0.05,18.311,14.285714285714285
0.8,0.08,0.4,5.818565,0.078389,0.0125,0.957348,0.08801,0.042233,6.173993,0.5,1.101162,0.00015,0.999996,201.0,1.632396,0.142869,0.0125,0.998254,,1.209792,1.375605,2.762,53.060389,15.09434,72.0,405.0,477.0,0.95,0.05,0.1,0.8,0.13,0.05,19.002,20.0
0.8,0.08,0.5,,,,,,,,,,,,,5.693544,0.132203,0.0125,0.995553,,0.552311,0.51464,2.572,96.284198,22.091062,131.0,462.0,593.0,2.264,0.05,0.07,0.07,0.12,0.02,45.277,20.0
0.8,0.08,0.65,5.820433,0.120218,0.0125,0.988551,0.264144,0.188422,7.482076,0.5,3.994348,0.001724,0.999963,201.0,5.803365,0.296893,0.0125,0.900351,,0.453891,0.446114,2.566,283.146066,60.681115,392.0,254.0,646.0,2.408,0.05,0.05,0.07,0.1,0.02,48.16,20.0
0.8,0.1,0.15,,,,,,,,,,,,,1.633176,0.066114,0.0125,0.985419,,3.2,3.125236,3.124,,,,,,1.69,0.15,0.9,1.03,0.55,0.09,11.267,6.666666666666667
0.8,0.1,0.25,,,,,,,,,,,,,1.636779,0.076489,0.0125,0.984847,,1.991204,2.184719,3.21,,,,,,0.751,0.1,0.4,2.33,0.5,0.13,7.5061,10.0
0.8,0.1,0.35,,,,,,,,,,,,,1.63085,0.07624,0.0125,0.986267,,1.48168,1.46989,3.188,,,,,,1.337,0.07,0.25,4.0,0.33,0.05,20.048,14.285714285714285
0.8,0.1,0.4,5.818565,0.078389,0.0125,0.957348,0.08801,0.042233,6.173993,0.5,1.101162,0.00015,0.999996,201.0,1.607272,0.142869,0.0125,0.998254,,1.209792,1.375605,2.975,,,,,,1.234,0.07,0.17,1.82,0.28,0.05,18.506,14.285714285714285
0.8,0.1,0.5,,,,,,,,,,,,,5.613883,0.132203,0.0125,0.995553,,0.810113,0.877674,2.991,51.048089,12.969925,69.0,463.0,532.0,1.21,0.05,0.07,0.08,0.12,0.04,24.191,20.0
0.8,0.1,0.65,5.820433,0.120218,0.0125,0.988551,0.264144,0.188422,7.482076,0.5,3.994348,0.001724,0.999963,201.0,5.753905,0.296893,0.0125,0.900351,,0.653125,0.638093,2.566,136.827365,29.780564,190.0,448.0,638.0,2.744,0.05,0.07,0.07,0.12,0.02,54.875,20.0
0.8,0.1,1.0,,,,,,,,,,,,,5.681791,0.928863,0.0125,0.722329,,0.427026,0.395069,2.484,274.423271,57.926829,380.0,276.0,656.0,4.559,0.03,0.05,0.05,0.1,0.01,136.77,33.333333333333336
0.8,0.1,3.0,,,,,,,,,,,,,4.768974,,,,,0.283815,0.238379,2.293,,,,,,13.592,0.03,0.05,0.05,0.1,0.0,407.77,33.333333333333336
0.8,0.1,5.0,,,,,,,,,,,,,4.667018,,,,,0.247605,0.185464,2.268,,,,,,9.243,0.03,0.05,0.05,0.1,0.0,277.28,33.333333333333336
0.8,0.1,10.0,,,,,,,,,,,,,4.85331,,,,,0.219877,0.188754,2.165,,,,,,16.306,0.03,0.05,0.05,0.1,0.0,489.17,33.333333333333336
0.8,0.15,0.15,,,,,,,,,,,,,1.638897,0.067028,0.0125,0.990677,,3.2,3.125236,3.114,,,,,,1.228,0.12,0.9,4.35,0.37,0.1,10.525,8.333333333333334
0.8,0.15,0.25,,,,,,,,,,,,,1.633542,0.064294,0.0125,0.989444,,1.991204,2.184719,3.21,,,,,,1.456,0.1,0.42,3.4,0.5,0.07,14.56,10.0
0.8,0.15,0.35,,,,,,,,,,,,,1.627638,0.07624,0.0125,0.986267,,2.251282,2.643591,3.188,,,,,,1.515,0.08,0.53,1.82,0.28,0.06,18.181,12.5
0.8,0.15,0.4,5.818565,0.078389,0.0125,0.957348,0.08801,0.042233,6.173993,0.5,1.101162,0.00015,0.999996,201.0,1.625762,0.081231,0.0125,0.985378,,1.209792,1.375605,3.186,,,,,,1.107,0.07,0.23,2.78,0.3,0.06,16.606,14.285714285714285
0.8,0.15,0.5,,,,,,,,,,,,,5.357487,0.132203,0.0125,0.995553,,0.954386,0.894935,2.991,22.678317,7.077626,31.0,407.0,438.0,1.261,0.07,0.18,2.23,0.23,0.05,18.915,14.285714285714285
0.8,0.15,0.65,6.051382,0.120218,0.0125,0.988551,0.161888,0.122169,6.623793,0.5,2.127748,0.001257,0.999931,201.0,5.565535,0.200972,0.0125,0.999581,,0.653125,0.638093,2.735,47.522339,12.896825,65.0,439.0,504.0,1.634,0.05,0.07,0.1,0.12,0.03,32.673,20.0
0.8,0.2,0.15,,,,,,,,,,,,,4.694531,0.056798,0.0125,0.993759,,2.815407,2.735521,3.153,8.920928,5.612245,11.0,185.0,196.0,1.722,0.12,1.58,4.48,0.47,0.07,14.764,8.333333333333334
0.8,0.2,0.25,,,,,,,,,,,,,4.834226,0.064923,0.0125,0.992043,,2.233333,2.231091,3.189,10.408922,6.896552,14.0,189.0,203.0,1.697,0.1,0.88,4.62,0.4,0.06,16.966,10.0
0.8,0.2,0.35,,,,,,,,,,,,,4.96545,0.070839,0.0125,0.992283,,1.955531,1.975724,3.185,14.007782,7.228916,18.0,231.0,249.0,2.187,0.1,1.33,3.17,0.3,0.05,21.867,10.0
0.8,0.2,0.4,,,,,,,,,,,,,5.011513,0.074845,0.0125,0.993417,,2.022673,1.896534,3.071,8.260325,4.954955,11.0,211.0,222.0,1.421,0.08,0.85,2.52,0.33,0.06,17.049,12.5
0.8,0.2,0.5,,,,,,,,,,,,,5.140779,0.08851,0.0125,0.989593,,1.757315,1.904812,3.114,14.669927,8.130081,20.0,226.0,246.0,1.808,0.07,0.22,2.52,0.25,0.04,27.126,14.285714285714285
0.8,0.2,0.65,5.87345,0.086345,0.0125,0.978587,0.100864,0.059884,6.163588,0.5,1.305891,0.000557,0.999964,201.0,5.355289,0.109886,0.0125,0.989596,,1.223684,1.1704,2.995,16.534447,7.166124,22.0,285.0,307.0,1.257,0.05,0.2,2.15,0.23,0.04,25.144,20.0
0.8,0.3,0.15,,,,,,,,,,,,,4.706252,0.050787,0.0125,0.98795,,2.225543,2.409534,3.203,15.723794,10.994764,21.0,170.0,191.0,1.811,0.1,1.1,6.27,0.38,0.06,18.108,10.0
0.8,0.3,0.25,,,,,,,,,,,,,4.755218,0.05611,0.0125,0.990934,,1.968168,1.785893,3.117,13.195343,7.234043,17.0,218.0,235.0,1.692,0.1,3.32,4.68,0.35,0.06,16.92,10.0
0.8,0.3,0.35,,,,,,,,,,,,,4.882354,0.062571,0.0125,0.993484,,2.094411,2.540645,3.141,11.849414,9.039548,16.0,161.0,177.0,2.143,0.1,1.87,3.25,0.28,0.05,21.431,10.0
0.8,0.3,0.4,,,,,,,,,,,,,4.931893,0.065314,0.0125,0.99404,,1.82767,1.728307,3.219,12.376137,7.45614,17.0,211.0,228.0,1.922,0.08,0.87,3.0,0.33,0.04,23.059,12.5
0.8,0.3,0.5,,,,,,,,,,,,,4.964438,0.071954,0.0125,0.992696,,1.859135,1.760948,3.125,8.202154,4.845815,11.0,216.0,227.0,1.916,0.08,1.73,4.08,0.37,0.04,22.993,12.5
0.8,0.3,0.65,,,,,,,,,,,,,5.083255,0.081672,0.0125,0.993316,,1.492095,1.602416,3.031,17.405928,8.214286,23.0,257.0,280.0,1.187,0.07,0.45,3.42,0.47,0.06,17.809,14.285714285714285
1.0,0.02,0.15,5.332403,0.020635,0.0125,0.512394,0.038187,0.058834,9.94595,0.5,13.848177,0.038392,0.998473,201.0,4.855339,0.057862,0.0125,0.983822,,3.728059,4.157763,2.766,18.729677,10.666667,24.0,201.0,225.0,1.336,0.22,0.95,3.9,0.72,0.16,6.1658,4.545454545454546
1.0,0.02,0.25,5.643523,0.070809,0.0125,0.906879,0.080612,0.087218,5.238116,0.5,3.147559,0.012551,0.996846,201.0,5.391672,0.075286,0.0125,0.989212,,2.115044,2.445546,2.765,21.306122,7.631579,29.0,351.0,380.0,0.94,0.07,0.22,0.45,0.47,0.07,14.099,14.285714285714285
1.0,0.02,0.35,,,,,,,,,,,,,5.81422,0.108217,0.0125,0.997152,,1.452366,1.547808,2.311,64.570738,15.949821,89.0,469.0,558.0,1.44,0.03,0.05,0.05,0.1,0.02,43.189,33.333333333333336
1.0,0.02,0.4,5.459554,0.074537,0.0125,0.969217,0.079599,0.021328,4.632863,0.5,0.78522,0.00044,0.999937,201.0,5.858205,0.132758,0.0125,0.997796,,0.692478,0.644436,2.525,104.474002,22.712934,144.0,490.0,634.0,2.065,0.03,0.05,0.05,0.1,0.02,61.942,33.333333333333336
1.0,0.02,0.5,,,,,,,,,,,,,5.729042,0.336145,0.0125,0.80576,,0.680578,0.657711,2.332,238.118215,40.768278,329.0,478.0,807.0,3.66,0.03,0.05,0.05,0.08,0.01,109.79,33.333333333333336
1.0,0.02,0.65,5.917281,0.152234,0.0125,0.982577,0.223099,0.166361,5.788823,0.5,4.25491,0.001356,0.99998,201.0,5.347537,0.339333,0.0125,0.830063,,0.438313,0.420911,2.148,526.442308,79.956188,730.0,183.0,913.0,10.049,0.03,0.03,0.05,0.08,0.0,301.48,33.333333333333336
1.0,0.04,0.15,5.332403,0.020635,0.0125,0.512394,0.038187,0.058834,9.94595,0.5,13.848177,0.038392,0.998473,201.0,4.787536,0.057862,0.0125,0.983822,,3.728059,4.157763,2.766,18.729677,10.666667,24.0,201.0,225.0,1.629,0.18,1.02,2.77,0.57,0.11,8.885,5.555555555555555
1.0,0.04,0.25,5.643523,0.070809,0.0125,0.906879,0.080612,0.087218,5.238116,0.5,3.147559,0.012551,0.996846,201.0,5.216678,0.075286,0.0125,0.989212,,2.115044,2.445546,2.611,21.306122,7.631579,29.0,351.0,380.0,0.979,0.08,0.35,1.25,0.52,0.09,11.75,12.5
1.0,0.04,0.35,,,,,,,,,,,,,5.626915,0.108217,0.0125,0.997152,,1.32054,1.426771,2.311,64.570738,15.949821,89.0,469.0,558.0,1.414,0.05,0.07,0.65,0.12,0.04,28.274,20.0
1.0,0.04,0.4,5.459554,0.074537,0.0125,0.969217,0.079599,0.021328,4.632863,0.5,0.78522,0.00044,0.999937,201.0,5.752017,0.094902,0.0125,0.986124,,0.692478,0.644436,2.52,104.474002,22.712934,144.0,490.0,634.0,1.165,0.03,0.05,0.07,0.1,0.03,34.943,33.333333333333336
1.0,0.04,0.5,,,,,,,,,,,,,5.83544,0.336145,0.0125,0.80576,,0.680578,0.657711,2.332,238.118215,40.768278,329.0,478.0,807.0,2.347,0.03,0.05,0.05,0.1,0.01,70.405,33.333333333333336
1.0,0.04,0.65,5.917281,0.152234,0.0125,0.982577,0.223099,0.166361,5.788823,0.5,4.25491,0.001356,0.99998,201.0,5.728768,0.339333,0.0125,0.830063,,0.438313,0.420911,2.2,526.442308,79.956188,730.0,183.0,913.0,4.609,0.03,0.05,0.05,0.08,0.01,138.28,33.333333333333336
1.0,0.06,0.15,5.332403,0.024788,0.0125,0.882244,0.043476,0.028764,4.266423,0.5,13.848177,0.038392,0.998473,201.0,1.636936,0.058393,0.0125,0.98532,,3.728059,4.157763,2.766,18.729677,10.666667,24.0,201.0,225.0,1.157,0.17,0.58,2.02,0.62,0.14,6.9421,5.88235294117647
1.0,0.06,0.25,5.643523,0.064839,0.0125,0.94399,0.064195,0.025827,5.238116,0.5,3.147559,0.012551,0.996846,201.0,1.6383,0.06612,0.0125,0.986535,,2.115044,2.445546,2.517,21.306122,7.631579,29.0,351.0,380.0,1.07,0.08,0.28,1.5,0.53,0.08,12.84,12.5
1.0,0.06,0.35,,,,,,,,,,,,,1.64654,0.108217,0.0125,0.997152,,1.58873,1.626543,2.311,64.570738,15.949821,89.0,469.0,558.0,0.838,0.05,0.2,0.43,0.47,0.06,16.76,20.0
1.0,0.06,0.4,5.459554,0.074537,0.0125,0.969217,0.073602,0.020785,4.753773,0.5,0.78522,0.00044,0.999937,201.0,1.636423,0.094902,0.0125,0.986124,,0.692478,0.644436,2.671,104.474002,22.712934,144.0,490.0,634.0,1.358,0.05,0.08,0.78,0.32,0.04,27.163,20.0
1.0,0.06,0.5,,,,,,,,,,,,,5.76198,0.11295,0.0125,0.990832,,0.680578,0.657711,2.332,238.118215,40.768278,329.0,478.0,807.0,1.357,0.03,0.05,0.07,0.1,0.02,40.71,33.333333333333336
1.0,0.06,0.65,5.917281,0.152234,0.0125,0.982577,0.137688,0.097864,5.788823,0.5,4.25491,0.001356,0.99998,201.0,5.81111,0.174396,0.0125,0.997238,,0.438313,0.420911,2.2,526.442308,79.956188,730.0,183.0,913.0,3.134,0.03,0.05,0.05,0.08,0.01,94.017,33.333333333333336
1.0,0.08,0.15,5.332403,0.024788,0.0125,0.882244,0.043476,0.028764,4.266423,0.5,13.848177,0.038392,0.998473,201.0,1.63196,0.058393,0.0125,0.98532,,3.728059,4.157763,2.766,8.26067,3.968254,10.0,242.0,252.0,1.876,0.15,0.8,2.02,0.5,0.08,12.504,6.666666666666667
1.0,0.08,0.25,5.643523,0.064839,0.0125,0.94399,0.064195,0.025827,5.238116,0.5,3.147559,0.012551,0.996846,201.0,1.652148,0.06612,0.0125,0.986535,,2.115044,2.445546,2.517,19.703535,7.843137,24.0,282.0,306.0,0.972,0.1,0.45,1.45,0.53,0.1,9.7199,10.0
1.0,0.08,0.35,,,,,,,,,,,,,1.627842,0.108217,0.0125,0.997152,,1.58873,1.626543,2.726,34.979757,10.212766,48.0,422.0,470.0,1.891,0.07,0.22,0.9,0.42,0.04,28.367,14.285714285714285
1.0,0.08,0.4,5.459554,0.074537,0.0125,0.969217,0.073602,0.020785,4.753773,0.5,0.78522,0.00044,0.999937,201.0,1.61963,0.094902,0.0125,0.986124,,0.692478,0.644436,2.671,43.946368,10.912343,61.0,498.0,559.0,1.413,0.05,0.17,1.03,0.22,0.04,28.262,20.0
1.0,0.08,0.5,,,,,,,,,,,,,5.613533,0.11295,0.0125,0.990832,,0.680578,0.657711,2.332,90.774465,18.340611,126.0,561.0,687.0,1.818,0.05,0.07,1.08,0.12,0.03,36.363,20.0
1.0,0.08,0.65,5.917281,0.152234,0.0125,0.982577,0.137688,0.097864,5.788823,0.5,4.25491,0.001356,0.99998,201.0,5.796002,0.174396,0.0125,0.997238,,0.438313,0.420911,2.2,225.856885,39.720812,313.0,475.0,788.0,1.953,0.03,0.05,0.05,0.1,0.02,58.597,33.333333333333336
1.0,0.1,0.15,5.332403,0.024788,0.0125,0.882244,0.043476,0.028764,4.266423,0.5,13.848177,0.038392,0.998473,201.0,1.631448,0.058393,0.0125,0.98532,,3.728059,4.157763,2.766,,,,,,1.614,0.13,0.4,2.03,0.55,0.08,12.102,7.692307692307692
1.0,0.1,0.2,5.643523,0.064839,0.0125,0.94399,0.064195,0.025827,5.238116,0.5,3.147559,0.012551,0.996846,201.0,5.110021,0.06612,0.0125,0.986535,,2.115044,2.445546,2.517,56.31068,17.901235,29.0,133.0,162.0,1.248,0.07,0.12,0.82,0.13,0.05,18.726,14.285714285714285
1.0,0.1,0.25,5.643523,0.064839,0.0125,0.94399,0.064195,0.025827,5.238116,0.5,3.147559,0.012551,0.996846,201.0,1.643677,0.06612,0.0125,0.986535,,2.115044,2.445546,2.517,56.31068,17.901235,29.0,133.0,162.0,1.447,0.1,0.28,1.18,0.4,0.07,14.472,10.0
1.0,0.1,0.35,,,,,,,,,,,,,1.600142,0.076451,0.0125,0.986255,,1.819182,1.966372,2.674,,,,,,0.984,0.07,0.17,1.7,0.2,0.07,14.762,14.285714285714285
1.0,0.1,0.4,5.459554,0.074537,0.0125,0.969217,0.073602,0.020785,4.753773,0.5,0.78522,0.00044,0.999937,201.0,5.177032,0.076199,0.0125,0.991789,,1.283019,1.385104,2.667,36.474164,13.513514,20.0,128.0,148.0,1.527,0.07,0.18,0.68,0.35,0.04,22.901,14.285714285714285
1.0,0.1,0.4,5.459554,0.074537,0.0125,0.969217,0.073602,0.020785,4.753773,0.5,0.78522,0.00044,0.999937,201.0,5.177032,0.076199,0.0125,0.991789,,1.283019,1.385104,2.667,36.474164,13.513514,20.0,128.0,148.0,1.291,0.07,0.2,1.52,0.28,0.05,19.362,14.285714285714285
1.0,0.1,0.4,5.459554,0.074537,0.0125,0.969217,0.073602,0.020785,4.753773,0.5,0.78522,0.00044,0.999937,201.0,5.177032,0.076199,0.0125,0.991789,,1.283019,1.385104,2.667,36.474164,13.513514,20.0,128.0,148.0,1.527,0.07,0.18,0.68,0.35,0.04,22.901,14.285714285714285
1.0,0.1,0.4,5.459554,0.074537,0.0125,0.969217,0.073602,0.020785,4.753773,0.5,0.78522,0.00044,0.999937,201.0,5.177032,0.076199,0.0125,0.991789,,1.283019,1.385104,2.667,36.474164,13.513514,20.0,128.0,148.0,1.291,0.07,0.2,1.52,0.28,0.05,19.362,14.285714285714285
1.0,0.1,0.5,,,,,,,,,,,,,5.491335,0.11295,0.0125,0.990832,,0.680578,0.657711,2.332,38.576628,9.51526,53.0,504.0,557.0,1.482,0.05,0.08,1.57,0.12,0.03,29.632,20.0
1.0,0.1,0.6,5.751263,0.083468,0.0125,0.97147,0.091005,0.033531,5.054966,0.5,0.836794,0.003543,0.996444,201.0,5.405866,0.107753,0.0125,0.992032,,0.905699,0.914538,2.57,39.978847,12.727273,21.0,144.0,165.0,0.288,0.05,0.08,0.1,0.12,0.17,5.7542,20.0
1.0,0.1,0.65,5.917281,0.152234,0.0125,0.982577,0.137688,0.097864,5.788823,0.5,4.25491,0.001356,0.99998,201.0,5.724357,0.174396,0.0125,0.997238,,0.438313,0.420911,2.2,111.242123,21.965318,152.0,540.0,692.0,1.517,0.03,0.05,0.07,0.1,0.02,45.5,33.333333333333336
1.0,0.1,1.0,,,,,,,,,,,,,5.725652,0.371383,0.0125,0.884194,,0.376255,0.345533,2.0,244.350453,42.336683,337.0,459.0,796.0,4.639,0.03,0.05,0.05,0.08,0.01,139.17,33.333333333333336
1.0,0.1,3.0,,,,,,,,,,,,,4.679867,,,,,0.233042,0.199848,1.765,,,,,,17.963,0.03,0.03,0.03,0.08,0.0,538.9,33.333333333333336
1.0,0.1,5.0,,,,,,,,,,,,,4.729208,,,,,0.193644,0.153909,1.687,,,,,,16.694,0.03,0.03,0.03,0.08,0.0,500.82,33.333333333333336
1.0,0.1,10.0,,,,,,,,,,,,,4.82929,,,,,0.166504,0.119861,1.553,,,,,,12.957,0.03,0.03,0.03,0.08,0.0,388.7,33.333333333333336
1.0,0.15,0.15,5.38873,0.024788,0.0125,0.882244,0.043476,0.028764,4.266423,0.5,1.169757,0.003937,0.997751,201.0,1.627477,0.058393,0.0125,0.98532,,2.419123,2.303627,2.732,,,,,,1.751,0.12,2.0,3.27,0.3,0.07,15.008,8.333333333333334
1.0,0.15,0.25,5.341733,0.064839,0.0125,0.94399,0.064195,0.025827,4.251672,0.5,1.230133,0.006558,0.994375,201.0,1.632522,0.06612,0.0125,0.986535,,2.126582,2.482231,2.517,56.31068,17.901235,29.0,133.0,162.0,2.491,0.1,0.28,1.4,0.4,0.04,24.914,10.0
1.0,0.15,0.35,,,,,,,,,,,,,1.629292,0.076451,0.0125,0.986255,,1.819182,1.966372,2.674,,,,,,1.318,0.08,0.6,3.47,0.28,0.06,15.818,12.5
1.0,0.15,0.4,5.706667,0.07173,0.0125,0.955948,0.073602,0.020785,4.753773,0.5,0.827493,0.002919,0.99753,201.0,1.641858,0.076199,0.0125,0.991789,,1.283019,1.385104,2.667,36.474164,13.513514,20.0,128.0,148.0,1.235,0.07,0.32,1.6,0.4,0.05,18.531,14.285714285714285
1.0,0.15,0.5,,,,,,,,,,,,,5.242165,0.11295,0.0125,0.990832,,1.23272,1.320601,2.465,31.698113,9.74478,42.0,389.0,431.0,0.922,0.05,0.2,1.22,0.27,0.05,18.441,20.0
1.0,0.15,0.65,6.038257,0.107707,0.0125,0.982487,0.137688,0.097864,5.221329,0.5,2.446767,0.000378,0.999995,201.0,5.480481,0.174396,0.0125,0.997238,,0.976761,0.896053,2.297,50.0,12.734082,68.0,466.0,534.0,1.736,0.05,0.07,1.2,0.12,0.03,34.72,20.0
1.0,0.2,0.15,5.22576,0.05066,0.0125,0.918762,0.040012,0.019983,4.165191,0.5,0.898826,0.002272,0.99873,201.0,4.640675,0.052612,0.0125,0.994166,,2.264323,2.028651,2.713,15.565164,9.633028,21.0,197.0,218.0,1.589,0.1,1.18,4.78,0.4,0.06,15.885,10.0
1.0,0.2,0.25,5.290903,0.053817,0.0125,0.956501,0.05212,0.020792,4.226531,0.5,1.067388,0.002607,0.998814,201.0,4.74975,0.05844,0.0125,0.995791,,2.231746,2.384047,2.698,13.497188,9.0,18.0,182.0,200.0,1.758,0.08,0.67,6.08,0.38,0.05,21.095,12.5
1.0,0.2,0.35,,,,,,,,,,,,,4.885361,0.064737,0.0125,0.990184,,1.91533,1.967886,2.714,13.675978,6.640625,17.0,239.0,256.0,1.194,0.08,0.35,2.45,0.4,0.07,14.324,12.5
1.0,0.2,0.4,5.425583,0.062952,0.0125,0.985077,0.065714,0.022013,4.656473,0.5,1.220288,0.002171,0.99937,201.0,4.948391,0.067351,0.0125,0.990269,,1.680426,1.785941,2.681,13.162706,6.521739,18.0,258.0,276.0,0.852,0.07,0.38,3.32,0.43,0.08,12.78,14.285714285714285
1.0,0.2,0.5,,,,,,,,,,,,,5.077978,0.075308,0.0125,0.987233,,1.653788,1.586194,2.632,16.619831,8.013937,23.0,264.0,287.0,1.778,0.07,0.18,2.52,0.22,0.04,26.674,14.285714285714285
1.0,0.2,0.65,5.807102,0.079906,0.0125,0.976886,0.090825,0.046859,4.905643,0.5,1.431935,0.000408,0.999984,201.0,5.258848,0.08992,0.0125,0.989249,,1.327152,1.251457,2.514,19.704034,7.563025,27.0,330.0,357.0,1.231,0.05,0.13,1.93,0.25,0.04,24.612,20.0
1.0,0.3,0.15,,,,,,,,,,,,,4.827181,0.047048,0.0125,0.992588,,1.545317,1.770655,2.684,16.48136,9.292035,21.0,205.0,226.0,1.584,0.1,0.58,3.6,0.62,0.06,15.844,10.0
1.0,0.3,0.25,,,,,,,,,,,,,4.732641,0.05066,0.0125,0.994737,,1.984272,1.891316,2.639,13.781987,7.335907,19.0,240.0,259.0,1.896,0.08,2.13,4.37,0.37,0.04,22.746,12.5
1.0,0.3,0.35,,,,,,,,,,,,,4.954309,0.055488,0.0125,0.995803,,1.463363,1.84304,2.667,11.940299,6.299213,16.0,238.0,254.0,1.912,0.08,0.55,6.07,0.28,0.04,22.95,12.5
1.0,0.3,0.4,,,,,,,,,,,,,4.901562,0.058549,0.0125,0.993668,,1.602827,1.714043,2.65,15.006253,7.782101,20.0,237.0,257.0,1.765,0.08,0.92,4.42,0.28,0.05,21.184,12.5
1.0,0.3,0.5,,,,,,,,,,,,,4.996351,0.063207,0.0125,0.994538,,1.419106,1.484524,2.559,18.344884,9.259259,25.0,245.0,270.0,1.46,0.07,0.9,2.8,0.37,0.05,21.902,14.285714285714285
1.0,0.3,0.65,,,,,,,,,,,,,5.154012,0.071469,0.0125,0.990388,,1.405303,1.458688,2.608,12.87337,7.296137,17.0,216.0,233.0,1.562,0.07,0.3,2.12,0.32,0.04,23.433,14.285714285714285
1.18,0.1,0.4,,,,,,,,,,,,,5.163691,0.07446,0.0125,0.984354,,1.575833,1.590169,2.281,18.783865,6.132075,26.0,398.0,424.0,1.275,0.07,0.22,1.93,0.38,0.05,19.132,14.285714285714285
1.2,0.02,0.15,,,,,,,,,,,,,4.775933,0.052964,0.0125,0.982652,,2.751996,3.044958,2.037,15.272727,9.012876,21.0,212.0,233.0,1.726,0.2,0.97,4.35,0.62,0.12,8.628,5.0
1.2,0.02,0.25,,,,,,,,,,,,,5.272317,0.061813,0.0125,0.976571,,1.142562,1.411248,2.323,24.304419,8.461538,33.0,357.0,390.0,0.944,0.07,0.25,0.8,0.37,0.07,14.156,14.285714285714285
1.2,0.02,0.35,,,,,,,,,,,,,5.713981,0.074145,0.0125,0.982966,,0.867634,0.819239,2.176,48.94932,11.640212,66.0,501.0,567.0,0.955,0.03,0.05,0.07,0.1,0.03,28.648,33.333333333333336
1.2,0.02,0.4,,,,,,,,,,,,,5.843561,0.103973,0.0125,0.995362,,0.855747,0.873737,2.073,72.158749,14.836795,100.0,574.0,674.0,1.935,0.03,0.05,0.05,0.08,0.02,58.054,33.333333333333336
1.2,0.02,0.5,,,,,,,,,,,,,5.835127,0.264269,0.0125,0.929256,,0.531565,0.466131,1.722,178.560001,27.896513,248.0,641.0,889.0,4.228,0.03,0.03,0.05,0.08,0.01,126.83,33.333333333333336
1.2,0.02,0.65,5.967295,0.132925,0.0125,0.983039,0.18723,0.140065,4.701484,0.5,4.142855,0.001711,0.999966,201.0,5.488418,0.206547,0.0125,0.999078,,0.275492,0.257033,1.724,488.880002,65.730881,679.0,354.0,1033.0,8.686,0.03,0.03,0.03,0.07,0.0,260.59,33.333333333333336
1.2,0.04,0.15,,,,,,,,,,,,,4.696924,0.054829,0.0125,0.983049,,2.751996,3.044958,2.037,15.272727,9.012876,21.0,212.0,233.0,1.863,0.18,1.12,3.27,0.63,0.1,10.162,5.555555555555555
1.2,0.04,0.25,,,,,,,,,,,,,5.084738,0.061813,0.0125,0.976571,,1.142562,1.411248,2.323,24.304419,8.461538,33.0,357.0,390.0,1.101,0.08,0.25,0.88,0.5,0.08,13.213,12.5
1.2,0.04,0.35,,,,,,,,,,,,,5.480865,0.074145,0.0125,0.982966,,0.867634,0.819239,2.176,48.94932,11.640212,66.0,501.0,567.0,1.153,0.05,0.2,0.47,0.33,0.04,23.061,20.0
1.2,0.04,0.4,,,,,,,,,,,,,5.603719,0.103973,0.0125,0.995362,,0.855747,0.873737,2.073,72.158749,14.836795,100.0,574.0,674.0,1.155,0.03,0.07,0.5,0.12,0.03,34.662,33.333333333333336
1.2,0.04,0.5,,,,,,,,,,,,,5.819443,0.109041,0.0125,0.990433,,0.531565,0.466131,1.722,178.560001,27.896513,248.0,641.0,889.0,1.608,0.03,0.05,0.05,0.08,0.02,48.252,33.333333333333336
1.2,0.04,0.65,5.967295,0.132925,0.0125,0.983039,0.18723,0.140065,4.701484,0.5,4.142855,0.001711,0.999966,201.0,5.827419,0.1632,0.0125,0.99766,,0.275492,0.257033,1.724,488.880002,65.730881,679.0,354.0,1033.0,3.855,0.03,0.03,0.05,0.08,0.01,115.65,33.333333333333336
1.2,0.06,0.15,,,,,,,,,,,,,1.646036,0.054829,0.0125,0.983049,,2.751996,3.044958,2.037,15.272727,9.012876,21.0,212.0,233.0,2.32,0.15,0.7,1.68,0.38,0.06,15.469,6.666666666666667
1.2,0.06,0.25,,,,,,,,,,,,,1.637198,0.061813,0.0125,0.976571,,1.142562,1.411248,2.323,24.304419,8.461538,33.0,357.0,390.0,1.487,0.1,0.27,0.87,0.38,0.07,14.869,10.0
1.2,0.06,0.35,,,,,,,,,,,,,1.630846,0.074145,0.0125,0.982966,,0.867634,0.819239,2.176,48.94932,11.640212,66.0,501.0,567.0,1.117,0.05,0.2,0.52,0.32,0.04,22.332,20.0
1.2,0.06,0.4,,,,,,,,,,,,,1.635609,0.07446,0.0125,0.984354,,1.575833,1.590169,2.073,72.158749,14.836795,100.0,574.0,674.0,1.509,0.05,0.17,0.23,0.28,0.03,30.185,20.0
1.2,0.06,0.5,,,,,,,,,,,,,5.67192,0.109041,0.0125,0.990433,,0.531565,0.466131,1.722,178.560001,27.896513,248.0,641.0,889.0,1.245,0.03,0.07,0.3,0.1,0.03,37.34,33.333333333333336
1.2,0.06,0.65,5.967295,0.132925,0.0125,0.983039,0.118437,0.076604,4.701484,0.5,4.142855,0.001711,0.999966,201.0,5.813047,0.1632,0.0125,0.99766,,0.275492,0.257033,1.724,488.880002,65.730881,679.0,354.0,1033.0,2.572,0.03,0.05,0.05,0.08,0.01,77.167,33.333333333333336
1.2,0.08,0.15,,,,,,,,,,,,,1.617804,0.054829,0.0125,0.983049,,2.640762,3.109266,2.372,10.02356,5.327869,13.0,231.0,244.0,1.172,0.13,0.62,2.22,0.3,0.11,8.7887,7.692307692307692
1.2,0.08,0.25,,,,,,,,,,,,,1.642021,0.061813,0.0125,0.976571,,1.428968,1.577114,2.323,9.414605,3.869048,13.0,323.0,336.0,2.443,0.1,0.28,1.32,0.37,0.04,24.428,10.0
1.2,0.08,0.4,,,,,,,,,,,,,5.282962,0.07446,0.0125,0.984354,,1.575833,1.590169,2.073,49.22449,13.842975,67.0,417.0,484.0,1.231,0.05,0.2,0.97,0.3,0.04,24.619,20.0
1.2,0.08,0.5,,,,,,,,,,,,,5.539479,0.109041,0.0125,0.990433,,0.531565,0.466131,1.915,83.316562,15.994437,115.0,604.0,719.0,1.085,0.03,0.07,0.3,0.13,0.03,32.55,33.333333333333336
1.2,0.08,0.65,5.967295,0.132925,0.0125,0.983039,0.118437,0.076604,4.701484,0.5,4.142855,0.001711,0.999966,201.0,5.754962,0.1632,0.0125,0.99766,,0.345046,0.307542,1.724,199.357945,30.263158,276.0,636.0,912.0,2.256,0.03,0.05,0.05,0.1,0.01,67.67,33.333333333333336
1.2,0.1,0.15,,,,,,,,,,,,,4.588626,0.051759,0.0125,0.990107,,2.573759,2.357504,2.372,8.973826,4.562738,12.0,251.0,263.0,1.479,0.13,1.0,2.38,0.48,0.09,11.094,7.692307692307692
1.2,0.1,0.25,,,,,,,,,,,,,4.774452,0.061813,0.0125,0.976571,,2.400617,2.388883,2.338,8.08807,3.558719,10.0,271.0,281.0,0.872,0.1,0.43,3.6,0.52,0.11,8.7248,10.0
1.2,0.1,0.35,,,,,,,,,,,,,5.041022,0.074145,0.0125,0.982966,,1.806145,1.795397,2.176,16.677195,7.432432,22.0,274.0,296.0,0.957,0.07,0.23,1.42,0.32,0.07,14.355,14.285714285714285
1.2,0.1,0.4,,,,,,,,,,,,,5.146499,0.07446,0.0125,0.984354,,1.575833,1.590169,2.281,18.783865,6.132075,26.0,398.0,424.0,1.655,0.07,0.23,2.23,0.37,0.04,24.821,14.285714285714285
1.2,0.1,0.5,,,,,,,,,,,,,5.414271,0.109041,0.0125,0.990433,,0.995161,1.020221,1.977,43.223443,10.314685,59.0,513.0,572.0,1.524,0.05,0.1,1.65,0.32,0.03,30.489,20.0
1.2,0.1,0.65,5.967295,0.132925,0.0125,0.983039,0.118437,0.076604,4.701484,0.5,4.142855,0.001711,0.999966,201.0,5.630062,0.094708,0.0125,0.987064,,0.476546,0.471285,2.084,99.001833,17.904509,135.0,619.0,754.0,1.652,0.03,0.05,0.87,0.1,0.02,49.568,33.333333333333336
1.2,0.1,1.0,,,,,,,,,,,,,5.758027,0.274659,0.0125,0.935088,,0.367732,0.348809,1.726,205.652435,32.608696,285.0,589.0,874.0,3.815,0.03,0.03,0.05,0.08,0.01,114.44,33.333333333333336
1.2,0.1,3.0,,,,,,,,,,,,,4.773732,,,,,0.187353,0.153499,1.506,889.377872,99.838319,1235.0,2.0,1237.0,17.143,0.03,0.03,0.03,0.07,0.0,514.28,33.333333333333336
1.2,0.1,5.0,,,,,,,,,,,,,4.59506,,,,,0.171101,0.134341,1.49,,,,,,19.572,0.03,0.03,0.03,0.07,0.0,587.17,33.333333333333336
1.2,0.1,10.0,,,,,,,,,,,,,4.570082,,,,,0.133789,0.086936,1.405,856.080003,99.165972,1189.0,10.0,1199.0,18.498,0.03,0.03,0.03,0.07,0.0,554.93,33.333333333333336
1.2,0.15,0.15,,,,,,,,,,,,,4.596167,0.051759,0.0125,0.990107,,2.201972,2.314382,2.372,8.973826,4.562738,12.0,251.0,263.0,1.36,0.1,1.15,3.25,0.35,0.07,13.601,10.0
1.2,0.15,0.25,,,,,,,,,,,,,4.739342,0.055734,0.0125,0.984896,,2.182868,2.34441,2.338,8.08807,3.558719,10.0,271.0,281.0,1.578,0.1,0.82,3.73,0.32,0.06,15.777,10.0
1.2,0.15,0.35,,,,,,,,,,,,,4.905762,0.063539,0.0125,0.987631,,1.806145,1.795397,2.357,16.677195,7.432432,22.0,274.0,296.0,1.288,0.07,0.45,2.72,0.3,0.05,19.324,14.285714285714285
1.2,0.15,0.4,,,,,,,,,,,,,4.971701,0.07446,0.0125,0.984354,,1.575833,1.590169,2.281,12.908669,4.735376,17.0,342.0,359.0,1.478,0.07,0.23,3.07,0.3,0.05,22.172,14.285714285714285
1.2,0.15,0.5,,,,,,,,,,,,,5.157238,0.073375,0.0125,0.98224,,0.995161,1.020221,2.156,25.464834,8.196721,35.0,392.0,427.0,1.054,0.05,0.13,1.78,0.32,0.05,21.082,20.0
1.2,0.15,0.65,6.007572,0.096862,0.0125,0.963788,0.118437,0.076604,4.331877,0.5,2.470799,0.001277,0.999947,201.0,5.384839,0.094708,0.0125,0.987064,,0.686477,0.653036,2.084,51.605088,11.396469,71.0,552.0,623.0,1.616,0.05,0.08,0.85,0.23,0.03,32.314,20.0
1.2,0.2,0.15,,,,,,,,,,,,,4.778339,0.049099,0.0125,0.996231,,1.551557,1.803471,2.396,11.595448,6.726457,15.0,208.0,223.0,1.493,0.08,1.75,2.75,0.27,0.06,17.914,12.5
1.2,0.2,0.25,,,,,,,,,,,,,4.837326,0.053331,0.0125,0.995642,,1.596429,1.98015,2.328,5.832321,3.636364,8.0,212.0,220.0,1.302,0.08,0.57,3.0,0.37,0.06,15.619,12.5
1.2,0.2,0.35,,,,,,,,,,,,,4.887768,0.058628,0.0125,0.988668,,1.73804,1.723755,2.357,11.685602,5.533597,14.0,239.0,253.0,1.779,0.07,0.7,2.37,0.23,0.04,26.691,14.285714285714285
1.2,0.2,0.4,,,,,,,,,,,,,5.005747,0.061025,0.0125,0.98773,,1.796784,2.11753,2.331,11.844703,6.637168,15.0,211.0,226.0,1.497,0.07,0.52,2.85,0.32,0.04,22.449,14.285714285714285
1.2,0.2,0.5,,,,,,,,,,,,,5.094346,0.067601,0.0125,0.98568,,1.245157,1.432613,2.279,15.161087,6.006006,20.0,313.0,333.0,1.596,0.07,0.22,3.03,0.25,0.04,23.942,14.285714285714285
1.2,0.2,0.65,5.741387,0.074888,0.0125,0.969958,0.082941,0.036636,4.080647,0.5,1.700839,0.000211,0.999997,201.0,5.402976,0.077594,0.0125,0.988152,,1.022732,1.149744,2.178,15.174629,5.540897,21.0,358.0,379.0,1.866,0.05,0.13,3.13,0.25,0.03,37.326,20.0
1.2,0.3,0.15,,,,,,,,,,,,,4.757893,0.044836,0.0125,0.993153,,1.460093,2.07981,2.286,8.61244,5.5,11.0,189.0,200.0,1.649,0.08,1.12,6.85,0.28,0.05,19.793,12.5
1.2,0.3,0.25,,,,,,,,,,,,,4.992179,0.048179,0.0125,0.994148,,1.061919,1.308911,2.326,8.536322,5.820106,11.0,178.0,189.0,1.701,0.08,0.97,2.8,0.38,0.05,20.409,12.5
1.2,0.3,0.35,,,,,,,,,,,,,5.007429,0.051347,0.0125,0.992615,,1.106196,1.530499,2.295,12.798375,6.511628,14.0,201.0,215.0,1.292,0.07,1.07,2.32,0.23,0.05,19.383,14.285714285714285
1.2,0.3,0.4,,,,,,,,,,,,,5.119005,0.053428,0.0125,0.992567,,1.001244,1.489421,2.345,10.292015,6.140351,14.0,214.0,228.0,1.54,0.07,0.73,1.8,0.18,0.04,23.097,14.285714285714285
1.2,0.3,0.5,,,,,,,,,,,,,5.239632,0.057425,0.0125,0.990692,,0.752711,1.308746,2.276,14.500742,10.160428,19.0,168.0,187.0,1.428,0.07,0.38,2.13,0.18,0.05,21.414,14.285714285714285
1.2,0.3,0.65,,,,,,,,,,,,,5.324781,0.063421,0.0125,0.991326,,0.836709,1.179525,2.167,14.545455,6.802721,20.0,274.0,294.0,1.818,0.07,0.98,2.68,0.2,0.04,27.27,14.285714285714285
1.5,0.06,0.2,,,,,,,,,,,,,4.630663,0.052477,0.0125,0.979972,,2.742063,3.192205,1.922,9.183673,4.705882,12.0,243.0,255.0,1.76,0.12,0.42,2.85,0.57,0.07,15.084,8.333333333333334
1.5,0.06,0.35,,,,,,,,,,,,,5.090654,0.067286,0.0125,0.979753,,1.589001,1.643329,1.918,15.21877,5.128205,20.0,370.0,390.0,1.52,0.07,0.17,1.22,0.4,0.04,22.799,14.285714285714285
1.5,0.06,0.5,,,,,,,,,,,,,5.516112,0.084595,0.0125,0.987036,,1.086382,1.026697,1.76,42.215932,10.211268,58.0,510.0,568.0,0.995,0.03,0.07,0.13,0.15,0.03,29.851,33.333333333333336
1.5,0.06,0.65,,,,,,,,,,,,,5.756854,0.117047,0.0125,0.988921,,0.522546,0.510288,1.601,82.666124,13.713592,113.0,711.0,824.0,2.719,0.03,0.03,0.05,0.1,0.01,81.564,33.333333333333336
1.5,0.08,0.2,,,,,,,,,,,,,4.613365,0.052477,0.0125,0.979972,,2.742063,3.192205,1.922,9.183673,4.705882,12.0,243.0,255.0,1.44,0.1,0.33,1.95,0.42,0.07,14.404,10.0
1.5,0.08,0.35,,,,,,,,,,,,,4.968247,0.067286,0.0125,0.979753,,1.589001,1.643329,1.918,15.21877,5.128205,20.0,370.0,390.0,1.419,0.07,0.23,1.4,0.38,0.05,21.287,14.285714285714285
1.5,0.08,0.5,,,,,,,,,,,,,5.36236,0.084595,0.0125,0.987036,,1.086382,1.026697,1.76,42.215932,10.211268,58.0,510.0,568.0,1.216,0.03,0.12,0.42,0.43,0.03,36.471,33.333333333333336
1.5,0.08,0.65,,,,,,,,,,,,,5.66487,0.117047,0.0125,0.988921,,0.522546,0.510288,1.601,82.666124,13.713592,113.0,711.0,824.0,1.662,0.03,0.05,0.13,0.15,0.02,49.847,33.333333333333336
1.5,0.1,0.2,,,,,,,,,,,,,4.569359,0.052477,0.0125,0.979972,,1.893122,1.884787,1.977,9.183673,4.705882,12.0,243.0,255.0,1.105,0.1,0.87,2.37,0.4,0.09,11.053,10.0
1.5,0.1,0.35,,,,,,,,,,,,,4.889338,0.067286,0.0125,0.979753,,1.589001,1.643329,1.918,15.21877,5.128205,20.0,370.0,390.0,1.359,0.07,0.27,2.28,0.4,0.05,20.389,14.285714285714285
1.5,0.1,0.5,,,,,,,,,,,,,5.276503,0.064483,0.0125,0.97277,,1.086382,1.026697,1.896,42.215932,10.211268,58.0,510.0,568.0,1.227,0.05,0.12,1.22,0.27,0.04,24.547,20.0
1.5,0.1,0.65,,,,,,,,,,,,,5.672207,0.117047,0.0125,0.988921,,0.592865,0.892142,1.782,82.666124,13.713592,113.0,711.0,824.0,1.399,0.03,0.07,0.87,0.17,0.02,41.981,33.333333333333336
1.5,0.15,0.2,,,,,,,,,,,,,4.57309,0.049459,0.0125,0.987036,,1.893122,1.884787,1.977,10.712008,4.307692,14.0,311.0,325.0,1.88,0.08,0.43,3.0,0.3,0.04,22.556,12.5
1.5,0.15,0.35,,,,,,,,,,,,,4.928336,0.062239,0.0125,0.97955,,1.459179,1.755786,1.934,19.784749,6.648199,24.0,337.0,361.0,1.932,0.07,0.27,2.4,0.32,0.03,28.974,14.285714285714285
1.5,0.15,0.5,,,,,,,,,,,,,5.284447,0.064483,0.0125,0.97277,,1.086382,1.026697,1.896,24.952741,6.991525,33.0,439.0,472.0,1.29,0.05,0.17,2.03,0.3,0.04,25.807,20.0
1.5,0.15,0.65,,,,,,,,,,,,,5.594503,0.096302,0.0125,0.986821,,0.592865,0.892142,1.782,45.083145,11.890838,61.0,452.0,513.0,1.031,0.03,0.08,0.9,0.13,0.03,30.926,33.333333333333336
2.0,0.1,0.2,5.571704,0.020287,0.0125,0.699576,0.025907,0.03245,2.277843,0.5,4.164986,0.012726,0.998146,201.0,5.219101,0.02009,0.0125,0.769872,,0.640709,0.667084,1.316,37.07518,8.298755,20.0,221.0,241.0,0.993,0.03,0.07,0.23,0.13,0.03,29.789,33.333333333333336
2.0,0.1,0.4,5.570138,0.066683,0.0125,0.893813,0.059342,0.057253,2.328388,0.5,3.594187,0.010748,0.998224,201.0,5.235678,0.024408,0.0125,0.889128,,0.625635,0.637198,1.366,64.748202,12.323944,35.0,249.0,284.0,0.969,0.03,0.1,0.15,0.18,0.03,29.082,33.333333333333336
2.0,0.1,0.6,5.504304,0.069204,0.0125,0.969852,0.074492,0.025793,2.24965,0.5,2.193106,0.01355,0.992461,201.0,5.312621,0.064702,0.0125,0.958443,,0.573852,0.565341,1.422,53.593429,13.942308,29.0,179.0,208.0,1.549,0.03,0.07,0.22,0.12,0.02,46.478,33.333333333333336
